consentId, personIdentifierNo, orgIdentifierNo
b9d8f899-546a-44c4-bae7-8ae18897b8f6, 05905699948, 314251032
63e0963a-b2cb-4ccc-aba5-6fc425d1861d, 15867196754, 625512727
11017532-f5ba-4ebc-b079-331407fdc8f6, 01915096324, 313436594
10b6a789-a6bb-44ad-b8bb-7495339c3cf0, 15122851300, 314250427
dc74ae83-aeb9-4974-b407-ed012b6b8062, 01885298016, 214241692
88a3d5e7-24d7-4e91-963e-f05d6899026f, 06909998059, 314250915
5495bd1d-1939-4039-ba64-bdab80932052, 11906497524, 314243080
7339ea36-a944-45ab-9927-2d4372201795, 10111147340, 313212459
e12f5d42-0c01-48d1-9515-cea56197ef53, 01885298601, 700518817
848ac59c-66df-46d1-962b-d9d4781f2a00, 26866599776, 314259882
ff9c58f1-cad9-48f0-8ca8-7167260c706e, 11816098477, 310705683
1c955374-7f2a-4eea-8a87-b62bb55a475a, 11866697134, 314244087
f8583d7d-f72d-4061-a9d8-99fd8e3b0b2d, 19827699872, 210084592
c14d6308-97ec-4f38-85d1-f06bf3c81b0d, 03906797827, 314251075
5c441526-dbaa-4f4c-bbe3-451027450d95, 04838397528, 624525337
c578f127-69b1-4349-bf2d-3f8a8df845c4, 09877299373, 314259424
9d30aa01-d8cf-4d7d-9942-145590133604, 16818597014, 311049100
bc8f689a-f681-47e4-bd65-2dfeb30bff06, 23926798642, 314242858
4578e333-21f9-4d0f-8a6c-92598947c29a, 07062970663, 624782747
a742adb9-9f4d-414c-82d4-72065c213c70, 24916699898, 314319567
de5dbad9-956c-4c8c-a5a3-9e2cd1dbf68f, 19121664901, 622308495
78cc19a9-19e7-401d-ae04-5b27e465e229, 26928497940, 624781058
050058f8-6018-4809-913b-81db883a6b3c, 27846695996, 602018687
508b8d19-b128-4506-ac2a-02efe22ed5de, 12886599143, 314242963
db787f77-62f6-48e5-b979-b6eb8aa459f0, 15060963956, 624569989
12bd579a-f2eb-458b-8e67-8050b4aabb38, 05091027471, 314251695
b726abaa-deb7-4609-ac15-5ac4b928ee5a, 06031662883, 608587608
ebf702cf-6789-4fe4-9060-e5e87a384c43, 30100355287, 311716239
dd6d745e-6c00-4343-a21a-53431c7bf249, 20030259077, 701822730
f28d8b20-c68b-4d4e-9151-6b6d1d932489, 04895799144, 314251180
0e842d5c-f7d9-40e9-9fae-995eb138576c, 10071573392, 314282493
f320d46b-1659-4da0-911b-8a5eb06d9660, 04838397528, 701420926
f934ad21-7353-4cc7-aff2-50d277321271, 15837297084, 313575012
3d0e36e9-79f2-44ac-ae6b-d5152d6e461b, 04838397528, 312256665
0eeea277-0b7c-4585-9b96-8ded1095f240, 17827798193, 310074594
3f8e3ebc-d61f-42bd-b386-aad902ba1dbe, 28863749788, 609358831
513c007d-e0ed-45f0-bc84-3542adf9f1f8, 30874499583, 314256301
164c44ed-e8fe-44cd-8f24-7a746ed7386c, 26824996333, 625104203
cd35a07b-7139-4845-8be3-4e62ab3fa4ec, 04926897514, 313912663
38b72b1c-7a93-4476-a554-14898b4bc6e3, 26815998706, 310691925
7c52392e-a264-4d0e-9f24-b9cacf28e72b, 06817199729, 314241738
6a2199fa-1610-4bc1-add5-7f0519303136, 02050137379, 624554442
e7420f69-d83d-4a72-bbf2-80977bad1bd5, 18845397550, 313404757
da7d2d0a-a934-4fb1-9be1-9420512bbc0d, 15839499679, 314253906
e66ee06e-b99c-4fd7-8ce3-a263f8525e1b, 12858599553, 314241452
34b69438-27ad-4c77-af24-c747370d4fa5, 08819796964, 613444955
6ca70a24-bb95-4266-9120-c8c92d68bb32, 09907099773, 312698595
4cf8cea1-11fc-4ca5-8a16-a0bd524f647c, 28062850193, 314281144
b857fd9d-4e06-4389-a329-3b394985d7fb, 14834899168, 314318072
6a5454d3-351e-4b58-bdfb-2b7da82a9cc2, 01041798900, 311138278
5cc0e929-12b2-4040-9042-421bca93be2b, 21042832720, 314240332
9b06b52d-ed50-46e5-914a-d2ed4a1b4303, 18906795368, 624625765
a78e28d2-0160-40aa-8711-8c439d74accc, 14855998565, 310081418
55b6ca83-1096-4399-9844-b8167277f7d7, 03827297398, 314241991
6d746f0c-dda9-4712-8e11-5a86fdb45e14, 27833249512, 314246101
0017715e-cc9a-496f-9db1-aa63339ffe09, 09826199021, 314244885
43f01f35-2b1f-407e-9777-c25a4f9a6d7b, 20868598833, 314254155
098b3113-c659-4e48-95da-dffce7490593, 13906398294, 314240723
eff260a1-1cc5-4e5c-a560-da8ebf41d80a, 08837397465, 314321820
40663c76-f832-4129-815a-60d6e71667ef, 12827698782, 730077254
6c791a21-c545-4f95-b3e1-6dfaca41537f, 06916196197, 608932593
5e1c1bf4-86a0-42a7-b8eb-467bf50cd599, 23090664336, 314244540
69400140-04ef-49c7-8a4d-fe0ed8e952d3, 01867196060, 310682810
8cf8189a-7072-45db-baac-60b66e832c21, 04915696509, 211824182
7e106c56-c890-4539-9c69-fa0e40093593, 18071473283, 310846198
6b867ac1-f8f9-4813-a0dc-f026af6a4cd9, 17836396847, 314242858
6f7a1d0f-c8f3-4193-87a8-042576de4619, 13887498568, 710133492
320ba5d9-a00d-4842-b9cf-c79d6a9aec36, 27857899615, 310846198
fabc61ac-3801-4a2f-a5da-18048cd154a7, 27896399905, 618423255
f0627aa8-15fa-4b41-ab64-c1e8a1b127c5, 08820197608, 701144422
12778f09-9a8c-4068-9d49-aa1722ddc22f, 30926597538, 314254910
0f6344bb-0669-44bc-adc2-57de9b24c651, 07816797734, 624656962
bee9b8e7-c689-41b0-82b6-d1ef001cc553, 13907497016, 700563901
be67e37f-b839-490a-9844-f23c01a401ed, 17856898075, 310627879
d7b2551f-b790-449d-8c6e-c0046779b84c, 10080701174, 314256972
2a5f10fe-173e-4f33-ad60-ce69c9171735, 02050137379, 314256212
fdcc01ed-3165-4b24-8e2e-195abb3ccb47, 08917499536, 314243978
f9c27b85-7fc3-4ebe-a6ae-e23995515ab4, 07060804820, 615570893
17ae179b-6297-4108-91c1-0e9685e30674, 02907396625, 623110249
9e434340-9931-4294-988d-faeea5d8375a, 19885598709, 314251539
65ac3500-3ace-401f-9eed-b8084487a32d, 02907396625, 624545257
fce96cd8-b8e2-4e93-90be-887222b14133, 17110508182, 314253310
2e37dee3-db07-4c04-ba99-474fb9d6c960, 04927296905, 311712675
8e0e9a64-16e8-4949-9dc9-1f4052d630f1, 02866193943, 312270277
29cf3b78-e72d-485c-aa07-1a51ac8a4db3, 18839397816, 310622257
34facd8f-3285-414f-bc69-2531661820c0, 13857297177, 625320887
2dcdf798-cdac-4c78-bad9-f4f75df83780, 01857998967, 312939045
4b7cb874-5e9a-4185-9b03-84b3ae3edbb7, 01867196060, 624565703
4622e17b-4443-4ed8-a979-6e848a7f79eb, 18848798483, 314244516
cbc161fe-c4da-4f2d-bd30-8ae61b30405d, 06031662883, 310101354
041445bb-1e75-4871-b82a-3aebac92e284, 07885499966, 310404292
09d0e712-25fb-4c27-8ce8-8e044d46a207, 23091660342, 314259432
0d4d0455-2e7b-4a51-93e2-780fea188ed5, 12915996726, 314280121
a9ca321e-e6eb-4da0-879a-a2c499081cbc, 13876296920, 314241401
902d1574-377a-42fd-9917-8162b844d826, 06856596778, 314285204
cefb2eb3-46e6-4fbc-a4bc-829ca673da9d, 09926196194, 312680335
ca6a77d2-66b0-40a8-8153-64c9a550f416, 14818296895, 314249410
de9e7c79-fffc-4194-a7bd-807992869eca, 25887499481, 624749960
33c45ce0-97e0-4d52-ba49-90425410c6fd, 24102859487, 625456223
4cf9a899-b7a1-419c-abea-7be620bfb62c, 21030902626, 314252527