f30a1836-1460-47e4-b666-b3c6177e1bdb,revoked,313807614,12916997971
16727a29-70b2-488b-98ca-4a4c835f3d3d,revoked,313807614,12916997971
df423a41-681d-4993-8ce7-a71a2c42931b,revoked,313807614,12916997971
dd35d245-5618-4e55-aa10-0f734e91cfc6,revoked,313807614,12916997971
eb8edae4-1d06-4af4-b4f2-94bce2db65e2,revoked,313807614,12916997971
aaec7525-92c5-47ef-88db-2ec40f6eb291,revoked,313807614,12916997971
8990800d-ea52-49d2-924b-771b4b50364f,revoked,313807614,12916997971
2daa2349-0b92-4d1d-93f5-4f0148515fb7,revoked,313807614,12916997971
6ef2fc8f-1436-4957-abd7-ebf587f5b6a0,revoked,313807614,12916997971
7dfe8fef-c768-4513-9f2c-c714c1b7e8c1,revoked,313807614,12916997971
fc46dcd9-260f-44d7-a62e-cf2b0e6a3796,revoked,313807614,12916997971
fb005201-5683-482e-9980-b0eb2e405a4f,revoked,313807614,12916997971
a6eff3c9-e3bb-4c53-a11e-d7047cbbf0e1,revoked,313807614,12916997971
fbda1b2c-02ed-4f3c-a393-710f68c41065,revoked,313807614,12916997971
325df111-f249-4458-8d56-0789f3cefffb,revoked,313807614,12916997971
6bdee3e4-76c2-432a-a9c2-fd352811c1c0,revoked,313807614,12916997971
95de932b-1791-454a-82b7-ff72d5e3e512,revoked,313807614,12916997971
32f3c9c8-5fb1-4059-a91a-2110e87b44eb,revoked,313807614,12916997971
7a977401-88f3-43e6-9578-6885d601f232,revoked,313807614,12916997971
1c2213aa-b7fa-480f-818d-aae9196c565a,revoked,313807614,12916997971
f5ccfa46-a7af-48a1-a8d0-b881f24dfb1b,revoked,313807614,12916997971
44bc861f-7f95-44db-a759-a01486116bf5,revoked,313807614,12916997971
bf1ec5ab-d565-47ab-b115-a86d9a87be80,revoked,313807614,12916997971
765d5a54-0423-4f23-b561-86ed9aadbf5e,revoked,313807614,12916997971
d8abc4d6-677f-40b3-9453-cf8922effaeb,revoked,313807614,12916997971
1adf6c72-7c2a-4eda-9ced-8ded121199f2,revoked,313807614,12916997971
aa22fd8c-b2ec-4024-85da-45e7200a50a1,revoked,313807614,12916997971
1edbe98e-67af-4e8d-b05d-e022fa0e757d,revoked,313807614,12916997971
f193c16b-fe9f-4df5-9311-4b3e48f23370,revoked,313807614,12916997971
5937db42-3e5f-4b26-8e12-0268e8d72c7b,revoked,313807614,12916997971
f7e5b30c-d973-4054-9de6-c26125d4770d,revoked,313807614,12916997971
d9fee63a-af30-4aad-9284-f6adbc048816,revoked,313807614,12916997971
a72541ca-4cd2-4c46-abba-6b501198c994,revoked,313807614,12916997971
131b027c-49bd-4f00-8f75-14c90d290401,revoked,313807614,12916997971
ca7a80f4-33b1-4a7d-acc9-df8820e19f11,revoked,313807614,12916997971
a75bae00-8e86-4c51-8429-673ae3cf55fe,revoked,313807614,12916997971
c9e957d7-5aeb-4b2e-b32e-3da10a869ee2,revoked,313807614,12916997971
c558a9f1-762a-48f0-8d0f-9bbbb062c61f,revoked,313807614,12916997971
3984d82a-f5b7-4212-9c0a-aa4db592646b,revoked,313807614,12916997971
0c6af1af-22e8-4c98-86c5-2136b14469ef,revoked,313807614,12916997971
ec480052-521b-48d6-9f71-505178af1e96,revoked,313807614,12916997971
95232c74-7341-4b81-906c-99b6efc17169,revoked,313807614,12916997971
287bd3a8-7681-4e9f-b204-8fd9a61bbdb0,revoked,313807614,12916997971
17a9232e-bc67-43aa-bd1e-6c4b6f0ed2af,revoked,313807614,12916997971
b322d984-a965-4857-9895-6d5bc6e0bc05,revoked,313807614,12916997971
a1f6c84f-d545-4f47-8134-39ceca90867a,revoked,313807614,12916997971
150b04d4-e0f0-4031-b5c1-5085a7200ed6,revoked,313807614,12916997971
a8661512-4bcb-4a81-9585-bc9182cc54ee,revoked,313807614,12916997971
a5760915-bbb4-4444-bdb7-e7e7a30f3dfb,revoked,313807614,12916997971
89612d8f-ced0-4ec2-9827-1d7ad663cb5c,revoked,313807614,12916997971
c810378b-723c-49d1-b6cc-6050ddd26edd,accepted,313807614,12916997971
468816e0-a9dd-44d8-aa10-9d12ddcb765f,accepted,313807614,12916997971
64a811a5-08e2-47f9-a5b0-4f83c788bda9,accepted,313807614,12916997971
9539ebaa-3797-470d-9bd3-986414f422e3,accepted,313807614,12916997971
bcc21ec4-fc34-4242-b0e4-06416a1ee460,accepted,313807614,12916997971
26f42a6b-4630-4d46-9493-be94431d04c0,accepted,313807614,12916997971
41cfe9d5-cb62-4d15-80ae-21de8dbcd9a2,accepted,313807614,12916997971
0548c3e0-f29c-4d04-8897-988a8d38cca0,accepted,313807614,12916997971
a25aea97-7f38-4143-8196-3a6a76cb3ec4,accepted,313807614,12916997971
1349f1ce-591d-41a7-becb-96efd37cb9ce,accepted,313807614,12916997971
b6085e9e-d729-4b9f-8c36-2ea817bcdc3d,accepted,313807614,12916997971
36184f09-444a-4c56-aa69-0f7be32d920a,accepted,313807614,12916997971
4af9ab00-b254-4554-8026-7fb426988992,accepted,313807614,12916997971
7f6a5291-767d-45e3-ab56-501109718b73,accepted,313807614,12916997971
b22fd542-b810-42ba-a59e-2d71554f1449,accepted,313807614,12916997971
2c1c960b-17d5-472a-863f-1d99ff5447d3,accepted,313807614,12916997971
21b75d21-c921-4998-b8e7-bf2ef1d61694,accepted,313807614,12916997971
1814bdc0-de9c-43ff-b951-12af657ff546,accepted,313807614,12916997971
03c7d5f2-5690-4c9a-8f8c-13cb97b3e56d,accepted,313807614,12916997971
60e041c7-7b9a-4d5a-9ed4-4defb5ee4b19,accepted,313807614,12916997971
ea8b0726-cb73-4626-98c8-85236844877f,accepted,313807614,12916997971
d81d75f2-56ef-4236-a92c-e30baccfe88a,accepted,313807614,12916997971
9a5c2dad-ca8c-4edc-bc92-d42a2d66a84c,accepted,313807614,12916997971
5f44e3c4-1a7e-4d70-9081-1b46256cd0d9,accepted,313807614,12916997971
5ed8b989-e6ce-41fb-9f02-c39a7ad62b5b,accepted,313807614,12916997971
77aec558-1bc1-4890-ba06-f3052275dadb,accepted,313807614,12916997971
e66f3a50-da23-4cef-ba85-c4718413e192,accepted,313807614,12916997971
06ae2751-2776-4faf-9692-d89407d8e3d2,accepted,313807614,12916997971
0b3c2100-1054-41f0-8cf7-22eb25d02de8,accepted,313807614,12916997971
deba3f09-555f-4f51-8053-b40d69b59010,accepted,313807614,12916997971
82522641-1ab9-48a0-9e7f-307d8b2fa0da,accepted,313807614,12916997971
0475f6ed-3aad-44ae-8ac1-0542fd5a6a38,accepted,313807614,12916997971
185b9446-ce2f-4a93-9f4d-527603654f8f,accepted,313807614,12916997971
7d521460-cff9-4adc-91a5-f918b0923fc8,accepted,313807614,12916997971
03715fb6-8805-4ae5-99b4-46a44b98dc92,accepted,313807614,12916997971
8b1062db-8c98-4b18-bec7-2f6675134131,accepted,313807614,12916997971
f99f6da9-275b-4f4a-8d59-693fae1825e4,accepted,313807614,12916997971
f0cab621-bc24-4e11-bf96-1caa37f4233b,accepted,313807614,12916997971
9325ec18-d7ac-4fe3-a34f-c4952df90bc3,accepted,313807614,12916997971
ab789ec7-ed9d-4e15-be19-d7515c602c3c,accepted,313807614,12916997971
139265c0-0805-465d-8afa-dc41874eb996,accepted,313807614,12916997971
7de84b8c-4891-4941-8fac-0b02595afae3,accepted,313807614,12916997971
4ccb9b72-ff48-4b63-9c75-977e0455284d,accepted,313807614,12916997971
271996b9-9bc1-4a04-b2d1-85572b198c43,accepted,313807614,12916997971
d76b9a74-2966-4481-9c2d-9e3e968b5b76,accepted,313807614,12916997971
4a9251e7-b5f8-40b6-ac5d-7e199a0d6de2,accepted,313807614,12916997971
11e6aab5-857e-474b-b467-6e15b1a59d4b,accepted,313807614,12916997971
b86e4ec7-ca4b-4d52-925d-added4ac7eef,accepted,313807614,12916997971
c8b99403-3e17-47d9-a0da-5ccf2ca9f865,accepted,313807614,12916997971
22c8581a-e919-4635-8280-73dbfb8e83e4,accepted,313807614,12916997971
2d1701c5-8e75-4f05-9ff9-915a4110666f,accepted,313807614,12916997971
203919cb-7cc5-4b3e-9196-dad28193fb81,accepted,313807614,12916997971
5d7a0ef3-b131-47d9-8012-feae9ad45b35,accepted,313807614,12916997971
517b1c41-2973-47c1-aa17-c36172b222bc,accepted,313807614,12916997971
dc0fbc51-1211-460c-92c2-bf6310caaf36,accepted,313807614,12916997971
ce8435a3-12bc-4992-a9c0-4f93265be30e,accepted,313807614,12916997971
11c7a53e-5cc4-4f3f-bd23-a82942e38be3,accepted,313807614,12916997971
246dae8a-3d35-499e-b3d6-db4636bf4328,accepted,313807614,12916997971
0d5d6837-f955-4004-9835-451dc1ace1df,accepted,313807614,12916997971
eabd9fd7-a24c-4093-9d13-599dbc31ca60,accepted,313807614,12916997971
1947b090-22a1-4bb5-abf9-61804a220318,accepted,313807614,12916997971
44c0dd89-a76b-479e-9cce-a015ec706098,accepted,313807614,12916997971
a5c6f813-91a6-4c16-b554-24bc1876bbd6,accepted,313807614,12916997971
66c5f2e5-1557-4457-a85e-4069ed101aaa,accepted,313807614,12916997971
353eda27-5123-4904-8a9b-f4191d8d2726,accepted,313807614,12916997971
e5392162-0c6d-448f-b873-f1e68e8dc586,accepted,313807614,12916997971
c5f1adf7-f4ee-4135-9be1-3637157a0115,accepted,313807614,12916997971
89ccb3ad-2767-400d-8bcd-288a201eae06,accepted,313807614,12916997971
a1d22755-f1fe-4de8-940f-5e5ff1b7d846,accepted,313807614,12916997971
c675312f-32aa-415a-be8d-047435ada83c,accepted,313807614,12916997971
8eb7641a-3f1e-40a6-8bef-74f1346d9244,accepted,313807614,12916997971
51a34dac-31e6-4e54-b43d-4d5bb6a1e80a,accepted,313807614,12916997971
cf667a33-1110-4b86-ac32-28db6f57d602,accepted,313807614,12916997971
f98b3b64-b62b-4627-84eb-5d13eb066a38,accepted,313807614,12916997971
6eef30f7-53a8-40ac-a9eb-7509e0071c77,accepted,313807614,12916997971
9a2ebf53-e4e5-46e5-a706-978c787f88f2,accepted,313807614,12916997971
ec549bb9-f9fe-4b50-b853-6579ff54a680,accepted,313807614,12916997971
e4f4d4ba-c876-4a53-8271-8dbeda351b91,accepted,313807614,12916997971
34dae05a-c8aa-47c3-8223-58713909dc34,accepted,313807614,12916997971
ae5d2153-057b-4290-9835-f10e4d54dd58,accepted,313807614,12916997971
52addf47-c78d-407d-9d4b-fee6d259ec21,accepted,313807614,12916997971
c27dde68-77bf-493e-95ea-a4369322a6a7,accepted,313807614,12916997971
7abc7086-3066-42b9-9052-63c967c035a4,accepted,313807614,12916997971
4f8bf64b-377c-4c77-a383-5a0a1a1031e9,accepted,313807614,12916997971
683f8063-609d-4e69-bed7-d31b090d2b6f,accepted,313807614,12916997971
49f272b7-e914-4b41-915b-a4b1606443b5,accepted,313807614,12916997971
ffe468eb-6f3c-493d-8033-d2d6cc164051,accepted,313807614,12916997971
68c37794-b343-4532-a2a4-170ea90e6c0e,accepted,313807614,12916997971
4c1a7a77-5985-417e-93ba-bb306b55d881,accepted,313807614,12916997971
92751a0b-5e09-45c9-baab-445273756ebf,accepted,313807614,12916997971
0ff39f17-de92-407e-abe8-4dda713edaee,accepted,313807614,12916997971
eaa49469-e8cc-4c81-8903-c7ac5881acf2,accepted,313807614,12916997971
d164aeff-4697-48d7-aa39-b9f59fa39246,accepted,313807614,12916997971
8ba47844-b2d8-4749-8f80-fb2e6ebe3cf3,accepted,313807614,12916997971
64d2f039-17f6-4c25-b8da-072fbb2d32ce,accepted,313807614,12916997971
d1c7333a-597c-4bca-a6fa-db9a0d086353,accepted,313807614,12916997971
f4eba6b8-af19-4961-b7a7-5dba59e992e5,accepted,313807614,12916997971
dbdb07a5-9806-4d0d-b97e-9276974e00b1,accepted,313807614,12916997971
ced03db5-08d4-4bd2-95bd-5b41c43f5a51,accepted,313807614,12916997971
b777d808-e50c-4d8a-bff7-58a8e3661d64,accepted,313807614,12916997971
e78608c6-0b72-4955-af65-a87ae859e0a8,accepted,313807614,12916997971
3e2c7132-bd46-4cd3-af17-4e694feeabea,accepted,313807614,12916997971
0d833be7-555f-4dff-b9a3-a7ec67185acd,accepted,313807614,12916997971
a1ca8a2c-52a7-4b1a-8e42-a02ac417d111,accepted,313807614,12916997971
a4584380-c169-4abe-90f1-979a8f737cf2,accepted,313807614,12916997971
f981754a-d8db-4e91-b5b8-e7d96381dfd1,accepted,313807614,12916997971
d26849b2-a564-4f07-8cbd-cb473b190562,accepted,313807614,12916997971
e87b79c4-3005-4e31-82b9-f101f93c0f29,accepted,313807614,12916997971
7788b694-ec6b-4db6-a1fd-8e6f049c67ad,accepted,313807614,12916997971
8f752eda-a96a-4c0f-a6d8-591aaaac15a2,accepted,313807614,12916997971
a0283f0a-1163-4b3c-983e-98f4219c1ff8,accepted,313807614,12916997971
68af5396-94e3-4bb1-bb85-3f95bca62403,accepted,313807614,12916997971
04cde06a-a984-4cea-8e3c-c118a6ef85db,accepted,313807614,12916997971
ca90fa96-046e-4d8a-9ab5-c0acf59bf1e1,accepted,313807614,12916997971
6f51a5e0-4e17-4bba-8550-9e4204880004,accepted,313807614,12916997971
8d0c6edc-12d9-4d42-8d7a-58cfde736c13,accepted,313807614,12916997971
26a7bd31-da75-488a-b056-eacfa4c10924,accepted,313807614,12916997971
a1d6e97e-e9b7-417f-ab21-7a7b88e0f369,accepted,313807614,12916997971
bdcf272b-3832-4c4f-bfb5-2382323f78fd,accepted,313807614,12916997971
85d16b1c-6a67-4509-9b7f-148074c8578d,accepted,313807614,12916997971
fc045864-96a1-4bcd-9030-98fb1620915c,accepted,313807614,12916997971
4e189c1d-1e33-4bac-9756-b8b89940f6f7,accepted,313807614,12916997971
967d128f-9103-4645-88d0-a79984347c11,accepted,313807614,12916997971
fb8c695c-db2a-411b-a42f-cd854d8a2209,accepted,313807614,12916997971
8a73da7c-b356-4290-8ffd-1b8467c3346b,accepted,313807614,12916997971
c3c03d60-8c78-4ff7-bcb1-f89db0dc2d29,accepted,313807614,12916997971
767565e3-3eed-421b-82a7-67ab0500cf76,accepted,313807614,12916997971
6d4aebc6-fdf5-49f4-b5c9-b7f466d39818,accepted,313807614,12916997971
d28b64ef-0cbb-49db-8b5d-cfb96b979af4,accepted,313807614,12916997971
630c7a05-e4ae-4a59-8641-32244dff2fd7,accepted,313807614,12916997971
49267253-b197-4089-b810-caec310fcc4d,accepted,313807614,12916997971
415d88a3-fa3a-4b1a-99c4-804a28a624a5,accepted,313807614,12916997971
372956e2-dee8-4db6-930a-2432a3fabab8,accepted,313807614,12916997971
f71d0be9-a5f5-47cb-938e-b95fb9d8a2a8,accepted,313807614,12916997971
2b92c99e-cec0-4978-9e08-bdf31737a2f3,accepted,313807614,12916997971
36cb588a-7cf8-4f9e-bc37-7a3a497ae233,accepted,313807614,12916997971
512d4b79-17f1-46d8-86b0-f006bfb016d6,accepted,313807614,12916997971
6e78ed18-2b3e-4bcf-bff6-638d76278fa7,accepted,313807614,12916997971
55a364c8-2796-4529-b416-4c45880fcce7,accepted,313807614,12916997971
5c8c071c-1c06-4d40-9400-cf02d48bb7a3,accepted,313807614,12916997971
609a7a4a-99b2-478a-affc-87be77080d92,accepted,313807614,12916997971
8fa64e94-26ca-4e23-912c-629ce0e02d32,accepted,313807614,12916997971
3ffec523-52bc-4200-91d9-81783ee8446b,accepted,313807614,12916997971
a923ef55-0f3d-4050-93a0-eedfaaf1f0ca,accepted,313807614,12916997971
1a0bf605-6c3b-44be-80f6-b6f51a59f5db,accepted,313807614,12916997971
71d4a265-162b-4db3-9956-177d259256cf,accepted,313807614,12916997971
33eee624-aaf5-476f-84dc-fb2e63b473bd,accepted,313807614,12916997971
bdac600a-8fb8-4386-8705-3882354d58c0,accepted,313807614,12916997971
f8275394-cebb-4a39-b11a-cb8f44cfd464,accepted,313807614,12916997971
93d0f4ab-cb4c-4b8a-abeb-ab75b8cac0bf,accepted,313807614,12916997971
1ddfeaad-1553-4c5f-91c5-0606cc6e9260,accepted,313807614,12916997971
3d3c81a1-4c35-44e3-8391-6aead9d7117c,accepted,313807614,12916997971
1ce23839-34ed-409a-bb29-62c179b46a4d,accepted,313807614,12916997971
c10fba04-37c9-4331-90ac-0311645dc0ac,accepted,313807614,12916997971
deb43388-20ac-4a91-9d58-fe1c47dbbe75,accepted,313807614,12916997971
b3273ce1-2397-449a-92a9-c757655e1b77,accepted,313807614,12916997971
d2166828-6230-413a-b0ab-34d7918bda4f,accepted,313807614,12916997971
63beb206-2898-4c33-bab9-191aa1255969,accepted,313807614,12916997971
d48f6205-e047-4c97-b42d-839021efaf47,accepted,313807614,12916997971
fe7a5495-f7e0-4db1-80f3-773905d7d7b9,accepted,313807614,12916997971
3cab31c6-eba0-42ea-8302-c176665e5fe6,accepted,313807614,12916997971
6cd60a6b-3393-4875-949c-a447a0062b8c,accepted,313807614,12916997971
0448a3c4-9a48-4b97-a81f-f0ff923fa814,accepted,313807614,12916997971
e8444c98-f87f-481d-98f9-7c6dd519eae1,accepted,313807614,12916997971
90a38eff-aa34-4f67-a52c-6b56ad347916,accepted,313807614,12916997971
ec3b873b-1c2f-455a-8394-cac8a1be5e09,accepted,313807614,12916997971
75ad75bf-660f-4560-858d-f0106a8d7ae6,accepted,313807614,12916997971
8bb85df2-0678-4259-ad20-7115813a661e,accepted,313807614,12916997971
ceb90ba7-9853-4f75-805e-14d7f3e950fd,accepted,313807614,12916997971
50979cc9-11e8-4e7e-b157-3c4d814e3b46,accepted,313807614,12916997971
bb94588d-6006-438d-ada3-e9e397291cf7,accepted,313807614,12916997971
b75dda13-606a-4c62-9663-fddc988c832d,accepted,313807614,12916997971
2263a9f4-9208-44b3-92b2-2ae681d32022,accepted,313807614,12916997971
21bbe009-8cb6-4247-a16b-2fcc4e7e4642,accepted,313807614,12916997971
cdaa8853-b170-4185-a0fd-e0c1d898d6ea,accepted,313807614,12916997971
59b8a91d-6ccd-42e1-97e8-aee06912eb5f,accepted,313807614,12916997971
3cf7146a-7974-492f-8988-76513f314387,accepted,313807614,12916997971
da121d10-63a6-4179-bd81-31562eafab08,accepted,313807614,12916997971
6155166b-7846-4636-b200-26e1901a1256,accepted,313807614,12916997971
4fe009a0-10e0-4156-ae2a-e4cf141608ed,accepted,313807614,12916997971
fe236d98-a7cc-49d2-8aff-59f4c3e6ade1,accepted,313807614,12916997971
6a37a5e0-79cb-439c-ae51-28aa5e6a6f7b,accepted,313807614,12916997971
91e4d525-66b8-4e19-9d9d-039a1b5c3280,accepted,313807614,12916997971
70ca7a84-c7d5-4f8f-b0e2-931fd9536ce8,accepted,313807614,12916997971
8401fa89-742b-4be6-b2c7-d6a3c2fdca19,accepted,313807614,12916997971
b4bc095c-b549-435b-b2d6-9b1ae3d17212,accepted,313807614,12916997971
71a92417-b743-4908-8486-5a20e881cc99,accepted,313807614,12916997971
c49667d4-78b1-44dc-828c-06b200b96638,accepted,313807614,12916997971
15903e2a-4ee6-497a-8ef9-1f71aa9031fb,accepted,313807614,12916997971
072824da-7930-434d-a93f-9ff27a403808,accepted,313807614,12916997971
7de67f12-be8d-43c9-aac9-e04d2dd7fb82,accepted,313807614,12916997971
978d2cdf-7161-46cb-9dee-737d1fbafa0e,accepted,313807614,12916997971
47ea9712-ed90-4fc5-a1fc-6f1bf82dcd5c,accepted,313807614,12916997971
d1e586ee-337b-4eba-88fe-c8629fffd41a,accepted,313807614,12916997971
d1653716-8505-4019-8988-6d0da4577606,accepted,313807614,12916997971
f98f2b3f-71a1-4888-a6dc-403edf7c2db0,accepted,313807614,12916997971
f44239b3-1667-401a-ab8e-6a871a2ccba0,accepted,313807614,12916997971
94bb78c8-031d-430a-b230-a59362cebc9a,accepted,313807614,12916997971
00ac316a-bc23-4040-a7de-4e48a37ee470,accepted,313807614,12916997971
692db820-65b0-4a41-8b0c-ba215b22fae6,accepted,313807614,12916997971
b23b60b6-b191-4cde-8b36-6d755c4f764b,accepted,313807614,12916997971
bf8be125-fd7e-4315-92b2-4c1abf284114,accepted,313807614,12916997971
f78109ef-4baa-438c-8b96-0c7bb32de396,accepted,313807614,12916997971
9505f794-a761-4d93-9c2d-a885af80d1e7,accepted,313807614,12916997971
26e3785e-213f-4b2d-a07b-c8fd46b096cd,accepted,313807614,12916997971
1f583e9c-c89c-4b72-b931-376de10f20a1,accepted,313807614,12916997971
d107a49a-c31c-48c2-acff-171317483755,accepted,313807614,12916997971
37fea00a-b58e-4ad5-ac24-d8f8621d0b21,accepted,313807614,12916997971
9a34aac4-8e6a-46be-810c-948c3359ce74,accepted,313807614,12916997971
f36ac06d-d62d-4b60-b5d3-2dde3cea64b5,accepted,313807614,12916997971
ef673711-9e58-4fcb-82e8-a013e2efa82f,accepted,313807614,12916997971
aa1888bc-35d9-42ac-ab98-9b8c18c3dff7,accepted,313807614,12916997971
6ad95e49-58bb-4f74-9b7c-ae2a45092a37,accepted,313807614,12916997971
193a2e7b-3097-4ac5-bef3-d6ea3e88a99e,accepted,313807614,12916997971
b6412524-2938-46be-8e40-a82355c812bc,accepted,313807614,12916997971
13aae8dd-65af-46da-af26-9c5af1786420,accepted,313807614,12916997971
15901c07-e2dc-4695-a26c-59c2ae1b658d,accepted,313807614,12916997971
ceb1aa01-7772-487f-95d3-64929aaf2df1,accepted,313807614,12916997971
aefe0cf5-47f0-4b1c-a543-7c3f38f5b342,accepted,313807614,12916997971
626a55a6-ee7a-4acf-b25e-125f3a1621a5,accepted,313807614,12916997971
9a700f97-4715-4d93-b1c3-bc9d0ab9a041,accepted,313807614,12916997971
5f6b7d34-6076-4f23-bc94-824bc50de4d2,accepted,313807614,12916997971
07bc3da8-de93-45b4-9398-d80817f1c833,accepted,313807614,12916997971
c8f55503-6184-49a5-b1d8-375942f6cde4,accepted,313807614,12916997971
0a451a25-9c48-4296-b7c3-7df80ae12ad8,accepted,313807614,12916997971
8aab1ea0-b807-4d5c-8cbb-3bdfd67bf263,accepted,313807614,12916997971
c4d4719f-0875-48e7-88ee-1f07015957e6,accepted,313807614,12916997971
caf42589-bab7-445d-b151-a80eeebb50fb,accepted,313807614,12916997971
642f8640-7858-44af-867a-5cdebb67e3da,accepted,313807614,12916997971
f83de907-0d58-4152-9969-a024b378500c,accepted,313807614,12916997971
ff225f92-47ab-437c-8eb0-bf6c5eca09c0,accepted,313807614,12916997971
45fa2cf7-de52-4416-b78d-ae6e275d8104,accepted,313807614,12916997971
88cc0139-8e52-48d9-8cc3-896fdbbd5e94,accepted,313807614,12916997971
ebca3bf0-45bb-4bf8-81f5-564c3adc3e95,accepted,313807614,12916997971
6e76587e-e021-48bd-8b98-b6a1f19a2e68,accepted,313807614,12916997971
7af89c2a-ca70-4695-9a03-b358b74911fc,accepted,313807614,12916997971
1f5d23af-91c4-435f-a6bb-a76aab8ba7af,accepted,313807614,12916997971
cfce3cae-87f2-444e-aec6-47d39a5dbdf4,accepted,313807614,12916997971
13339c92-6dde-480c-98ea-9ff5576d1a0a,accepted,313807614,12916997971
6209fa4a-2b15-4112-b7b7-6219b9c97b8a,accepted,313807614,12916997971
9acf15fe-fd83-4939-b23d-4439e8cec370,accepted,313807614,12916997971
6ccae71f-dc81-4367-adfb-28126f78b471,accepted,313807614,12916997971
b4695398-8037-4563-8066-5c94e6959e91,accepted,313807614,12916997971
2311f9c2-390c-4812-bf31-3f700bd4bc1e,accepted,313807614,12916997971
b08244d7-4eba-42c6-863f-e3c2e72aeda1,accepted,313807614,12916997971
fb6e7f61-d632-4357-91e8-c9eec9b05585,accepted,313807614,12916997971
858fe053-f2ee-4bec-8106-fcf05cbfef01,accepted,313807614,12916997971
f06f3029-c47d-4555-850d-a0027e6a8e8e,accepted,313807614,12916997971
f961906d-f526-4ee0-9769-5d5a1a0ba4a7,accepted,313807614,12916997971
51d7fc44-cbe7-45da-b9a8-c1e96a8135ab,accepted,313807614,12916997971
9baa42f5-d72e-48c9-be74-d86631225e78,accepted,313807614,12916997971
be77c4f5-aa2e-4c35-b53e-215fa5bcf722,accepted,313807614,12916997971
9c36cf0a-97df-4c14-a959-805fdec5ed0f,accepted,313807614,12916997971
d0c0af73-ac9e-4cb6-bb3d-024228d97198,accepted,313807614,12916997971
2ed1daeb-1a0f-427b-9440-6fde473237f7,accepted,313807614,12916997971
f95ce262-2dc7-4b8d-901e-a5b13be97b74,accepted,313807614,12916997971
882b390c-ba0c-456a-bd6a-677158d1e1b4,accepted,313807614,12916997971
bb93fd35-d810-4e28-ba6c-4edd6088a4e4,accepted,313807614,12916997971
4024c1fd-99e1-4e92-9900-b2c54f3e5b93,accepted,313807614,12916997971
085fe5fe-b4a1-4070-afea-ce40c89e50fe,accepted,313807614,12916997971
3e1c6c08-843c-4b0e-96ab-8896938a0ee3,accepted,313807614,12916997971
7135dbfa-6804-411c-97ea-1c823958d314,accepted,313807614,12916997971
d76d0528-0fa9-466b-bb4a-1a8124417292,accepted,313807614,12916997971
fe9a4166-3e5f-4daa-9f33-4b5b357d3794,accepted,313807614,12916997971
3823079c-a3e8-4143-9b4b-90637a968f5c,accepted,313807614,12916997971
544ce52f-9590-466c-8aa1-3ad0c9fbc1e8,accepted,313807614,12916997971
221a17ef-83f3-474d-8e8f-8ea8e7ed6ba7,accepted,313807614,12916997971
42affe99-3b0e-465b-ad2f-c575aae7a254,accepted,313807614,12916997971
df0c1a64-5d18-4a78-9a3d-accfb37acae1,accepted,313807614,12916997971
d2cdd472-c3c4-44ac-b14d-44a202dfb7b3,accepted,313807614,12916997971
b31788ea-30af-4c31-a9c4-405f64210fe1,accepted,313807614,12916997971
5db4e887-125a-46ea-834d-15df93a7173e,accepted,313807614,12916997971
7b98a96b-09d2-4fa9-ac22-7a319c73fde4,accepted,313807614,12916997971
535f2526-7ced-4927-bc0d-74ad0a15fce8,accepted,313807614,12916997971
9b7ad1c6-aae2-446e-8f39-80800f54e792,accepted,313807614,12916997971
7d941219-9e23-4d15-9f2f-601e371d5fc4,accepted,313807614,12916997971
04b879dc-2c3a-4de3-90e6-a1e1273c9d19,accepted,313807614,12916997971
9d8775f6-6614-4527-9d07-7c0700ab6cf3,accepted,313807614,12916997971
146cd5fd-8454-4029-ac43-54b602af6199,accepted,313807614,12916997971
6a509991-6664-4e35-9e47-12c6a1d5f8a4,accepted,313807614,12916997971
95a905f7-46d8-46b5-8dcb-cb64ed1128fa,accepted,313807614,12916997971
78a1bc07-15fc-48f7-b3ea-f9cd46d349cc,accepted,313807614,12916997971
82b838ad-09e4-419b-9639-ffa0feff5fde,accepted,313807614,12916997971
714a2592-3028-4053-8a53-e7270c37d3a3,accepted,313807614,12916997971
6d296f62-c86d-48d9-84fd-521d16fd127f,accepted,313807614,12916997971
49e6eb09-09d8-455d-80ba-6e3f9785c7bc,accepted,313807614,12916997971
333593d1-19c7-4553-8174-c65bedb81dcc,accepted,313807614,12916997971
583183d7-1b7e-41df-9b50-902240a03114,accepted,313807614,12916997971
0af1a19f-14a7-4ecf-b4bf-f2d6fbc2d55a,accepted,313807614,12916997971
a33815bf-0edf-49b7-af28-5391891bbcb9,accepted,313807614,12916997971
398ec1c0-c692-4d0a-8b5c-ae985503dede,accepted,313807614,12916997971
970c323f-8c07-4470-93d6-a8da7521e855,accepted,313807614,12916997971
3b6c5b70-7232-4b16-b651-6dc605d5e848,accepted,313807614,12916997971
8a446a01-3d59-4ea2-9b90-b4b09ca39500,accepted,313807614,12916997971
775901d5-610b-4fad-a8ce-6e19decc17d1,accepted,313807614,12916997971
f668f6c5-4a5f-45ab-872d-f3a5591b0530,accepted,313807614,12916997971
cbab55be-dfdd-4369-b4d9-79a9737162e7,accepted,313807614,12916997971
c622af69-fe4b-4ab8-952c-19a3aa7b7d66,accepted,313807614,12916997971
d96b22e0-2404-4359-ba2f-b1b5525ff50f,accepted,313807614,12916997971
0525e9e3-7267-4a0e-929f-6e6e3e0b79c9,accepted,313807614,12916997971
e549d302-762a-47cb-a92c-acf425bdbc23,accepted,313807614,12916997971
78f51caa-3cab-4f91-a2cd-f06cc35ad3bc,accepted,313807614,12916997971
9c0493ea-ceb8-4faa-bd83-c8485a9b6b91,accepted,313807614,12916997971
396b6ed2-0299-42eb-8314-afbec723ffcf,accepted,313807614,12916997971
ae5f4cad-c299-4dd4-8d5e-ba63f15b38ea,accepted,313807614,12916997971
0cef8795-dee5-42c5-a536-a4bc25d7be25,accepted,313807614,12916997971
bcb0c062-d43f-479b-807f-0f96a35a1213,accepted,313807614,12916997971
bfff64d5-cdf2-4ac4-9793-0f1f28f77f67,accepted,313807614,12916997971
a2e726a2-b815-4b9c-84e8-3f0b14e537cc,accepted,313807614,12916997971
b96643df-572b-4e67-bfb9-46a830745e39,accepted,313807614,12916997971
b5f808a8-be82-4e3e-9abc-dba7ef94d517,accepted,313807614,12916997971
5be28ea3-754d-46d6-9dbd-512149418e8a,accepted,313807614,12916997971
e9f8ea9b-8a36-41fd-b240-c8467fb234eb,accepted,313807614,12916997971
5f9e3982-fd62-48f4-8309-c1c9f862f036,accepted,313807614,12916997971
4387a49b-6b21-4375-a934-4e4d921165c5,accepted,313807614,12916997971
1d2c6d7c-5e60-41bf-aaaf-04d86eadfc38,accepted,313807614,12916997971
3fb2cc15-f7ed-4a16-bd95-5a9a5e41dcd0,accepted,313807614,12916997971
6b4d42c2-70f8-4ff6-a282-7bf9fabca786,accepted,313807614,12916997971
28025ba7-305d-4e46-b920-d7bcc8ec2e72,accepted,313807614,12916997971
a6d11141-43d9-4c93-b38d-e96248825436,accepted,313807614,12916997971
6fef6a1a-61f0-493d-b380-c0df449cc3aa,accepted,313807614,12916997971
3ded0410-40f8-4665-8239-738e1afb89b9,accepted,313807614,12916997971
3cbae657-949a-4387-831c-f9a62473a146,accepted,313807614,12916997971
77bf46d6-016b-467d-8a8c-f75990e956fa,accepted,313807614,12916997971
402bbec5-619c-45c7-a61f-6be5a29da01f,accepted,313807614,12916997971
ea1c1345-20fe-42c6-8cba-0dd9e7899049,accepted,313807614,12916997971
5df067fe-04cb-481d-ab26-bcadd384e176,accepted,313807614,12916997971
6b07f1f3-7ecb-4f4e-a243-0aa0ecd1527d,accepted,313807614,12916997971
dd18c108-3f5c-4c3c-af03-28b863546228,accepted,313807614,12916997971
7110b9da-7869-4716-83ef-ec4424b8d532,accepted,313807614,12916997971
4eaab442-ff13-42c0-9f90-aaa2a3640fbc,accepted,313807614,12916997971
3e624889-9a8a-4011-9fc3-023fff2f53a7,accepted,313807614,12916997971
d443ac2f-1a17-482a-a856-e3399260f1d7,accepted,313807614,12916997971
ba24962d-4f69-459b-a917-c52b5891df37,accepted,313807614,12916997971
bb59336a-a65e-4b13-b539-5c571123d678,accepted,313807614,12916997971
beee7b86-ba11-418b-b067-801e48ba85cb,accepted,313807614,12916997971
0abc505e-8583-4727-bef3-862799f41741,accepted,313807614,12916997971
ff11df3f-b8eb-4fe3-b1d6-e497e3f42698,accepted,313807614,12916997971
10619948-19f6-4ebf-bb5f-26e74662d841,accepted,313807614,12916997971
d5339105-7f41-48df-a609-52065ed57151,accepted,313807614,12916997971
c68d0ac1-f841-4cdf-ba92-0d23e9d94333,accepted,313807614,12916997971
959d5005-389f-46ab-9526-3ba04d337e39,accepted,313807614,12916997971
a4c37552-65b5-4eff-bfcf-0cd3952c6ffa,accepted,313807614,12916997971
e8e1eab9-9cf4-48e1-86c6-26926404f840,accepted,313807614,12916997971
5d112174-9cb8-405b-9036-6c47006cbc43,accepted,313807614,12916997971
24014d70-51c6-4b2f-bc3f-d42db0ef5e97,accepted,313807614,12916997971
4dd312aa-d0f0-4f33-af5a-b5a5a7575d49,accepted,313807614,12916997971
96cc4af5-9492-4c4b-9e23-34646268396d,accepted,313807614,12916997971
426f45a6-b6c4-4fa9-a9e5-e78dfe6e1492,accepted,313807614,12916997971
d7cc20b9-3bdd-4e8a-860e-b3ee87b59e83,accepted,313807614,12916997971
c6083f14-50f5-4c7c-ac00-1992c14e7b16,accepted,313807614,12916997971
63f478e2-33ec-4202-8e12-609abce99352,accepted,313807614,12916997971
d3454a61-56fe-4c35-b0d0-b741a22207c7,accepted,313807614,12916997971
1f85c0ca-ed6b-408a-8a7c-215f8adf7628,accepted,313807614,12916997971
9486000e-5bd4-4102-844c-cd455fb88523,accepted,313807614,12916997971
35415874-493d-456d-8158-f3135f8e1471,accepted,313807614,12916997971
1d13855a-e87b-4385-9882-5a56504eed05,accepted,313807614,12916997971
89e79aee-2972-4539-a670-642e37695b9f,accepted,313807614,12916997971
68763c0f-9fb7-44e1-b395-09c7a32d0c58,accepted,313807614,12916997971
e3360f2a-c02e-4d60-b8de-b75cc2838895,accepted,313807614,12916997971
c1ae8f2d-53ca-40f4-8de6-43686326df40,accepted,313807614,12916997971
0d3b24ff-0b4a-43ee-a53d-7f3e2c36d12e,accepted,313807614,12916997971
ca1d2b15-774c-4ee7-9e29-5e85d32d5658,accepted,313807614,12916997971
f0119a46-baa9-4c1d-8954-89974b7e1ce8,accepted,313807614,12916997971
d06973c2-2826-4ece-9891-df2959222ff1,accepted,313807614,12916997971
7a24aa0c-8a49-4050-b0c5-1b2e2027e7aa,accepted,313807614,12916997971
12d8cc09-440f-46ea-83d0-c5103ec2b059,accepted,313807614,12916997971
5aaddb82-7b9c-4b9c-9d78-53f1a25ea34e,accepted,313807614,12916997971
d3e904cd-987c-4498-95e0-0f4b91555b5d,accepted,313807614,12916997971
b8dad9b2-3b56-419c-91af-975242523b71,accepted,313807614,12916997971
7ba84b57-8515-4156-b083-7529bdfd5cfe,accepted,313807614,12916997971
17755f4e-1faf-47f7-ba01-61aafe158187,accepted,313807614,12916997971
7c7a8989-2e48-47ba-94bc-7779e57e3f34,accepted,313807614,12916997971
5d62920d-4d03-4fd7-9ce2-6b90026fd2ec,accepted,313807614,12916997971
0e0f85d3-485c-40a4-b163-8cfc21666ca1,accepted,313807614,12916997971
67456861-b48c-49b6-a850-93e9bef9249e,accepted,313807614,12916997971
08441e13-1c37-4c32-91fb-fd2cfcc6813a,accepted,313807614,12916997971
077efcae-b896-4694-8488-edce2ea2c65d,accepted,313807614,12916997971
a3aefb23-8cbe-4267-a7c0-96ac6417ba38,accepted,313807614,12916997971
b84df3cc-bbdb-4cae-a219-1834e0fcb20f,accepted,313807614,12916997971
33ed95c2-e413-44df-9e0f-e933d76d3f3c,accepted,313807614,12916997971
685475ea-ef68-4fd5-8bd2-2012e5a4e660,accepted,313807614,12916997971
f59c2c4b-fe92-4540-b582-61fc907ab912,accepted,313807614,12916997971
f012b194-df52-4b7e-8bbe-6cf3de99c8c6,accepted,313807614,12916997971
208c2e7b-9fde-42c5-a9c6-ac7f4ec0f8af,accepted,313807614,12916997971
734cfdef-4b4f-4e7b-97ae-e31efa9bbfe3,accepted,313807614,12916997971
98bb673f-6186-4509-84b4-5c9406ca67c7,accepted,313807614,12916997971
cfda267a-732f-4680-9051-565b8491c4b8,accepted,313807614,12916997971
5551ccca-36c3-4f6d-bacc-8a609b6793f7,accepted,313807614,12916997971
5f35c3d4-4c22-441c-bbfe-27b4e2e0a6d7,accepted,313807614,12916997971
40d0eb63-727a-41f5-a1d7-2c3c54d79614,accepted,313807614,12916997971
43b9a3c6-aa57-43c9-9508-4162ba820648,accepted,313807614,12916997971
4ef31f2e-5591-4640-a723-6ff1e7046c5d,accepted,313807614,12916997971
422cb087-ee9f-4c99-ad0f-b1e10ca8d2bd,accepted,313807614,12916997971
93cdb363-b6ab-4449-9811-0f1569b3f430,accepted,313807614,12916997971
e5c9d6f3-86fa-43ff-ade6-5fa9a901ada3,accepted,313807614,12916997971
bd452a55-3a01-4dbe-be24-19b48230da22,accepted,313807614,12916997971
6f3a4bd4-adcb-46a6-8575-9273ba9701a6,accepted,313807614,12916997971
4c73f3d8-7b14-40a3-976e-6485031c9ea8,accepted,313807614,12916997971
12248427-93fd-47e7-ac58-056f7072fbe7,accepted,313807614,12916997971
95486725-d538-4f15-9580-074ea7fdea9e,accepted,313807614,12916997971
03e17384-2067-4dbe-a8f6-6e2f22f216d6,accepted,313807614,12916997971
d8d4212b-9671-475c-832c-b90ed7d1c3de,accepted,313807614,12916997971
e1716aa0-816f-4aac-92dc-ccc617aec6b9,accepted,313807614,12916997971
b86fc0eb-6d2d-426e-a490-367d82a20a29,accepted,313807614,12916997971
c0c2afbe-05dd-4ec5-a2bc-cc91965543b1,accepted,313807614,12916997971
dd718fc7-015d-4248-bf36-85b40ef4a6e9,accepted,313807614,12916997971
594c6560-800b-4781-9088-61aa64b580b4,accepted,313807614,12916997971
958db9f9-d660-4e8f-aee6-655715e90b8b,accepted,313807614,12916997971
42d03619-094a-4e02-ab1b-0bf9554b0825,accepted,313807614,12916997971
89013ff7-22e3-44d7-8066-3da012327995,accepted,313807614,12916997971
f5ac89b7-3bec-44e9-a25c-c0f4c1c7cb71,accepted,313807614,12916997971
e1788319-bb05-4c13-9beb-c192c23759bd,accepted,313807614,12916997971
750b2de7-d346-4ac3-996b-ded6500b3c64,accepted,313807614,12916997971
07eeeeec-7094-47fc-95a5-b2e12015d123,accepted,313807614,12916997971
b6ef4484-39ac-469f-9f49-c8089fbced83,accepted,313807614,12916997971
2fff3f91-c18b-4c6f-9c9b-a93571df5a70,accepted,313807614,12916997971
afacd68a-6ea9-4fd6-b179-a03bc9c98277,accepted,313807614,12916997971
bc61b855-a0b4-4dc4-93d7-6d4167033116,accepted,313807614,12916997971
ee8f3c52-e887-4d5d-ae8b-870f07420f08,accepted,313807614,12916997971
cd817c46-e4cd-4baf-adb2-05d2aa237e01,accepted,313807614,12916997971
c813fc2f-58e0-4be2-b03f-b5abd03e7244,accepted,313807614,12916997971
34667256-386d-49ea-834e-12421e00f5e9,accepted,313807614,12916997971
8902703c-8362-4faf-9dcc-acde216dc126,accepted,313807614,12916997971
e35e4caf-6676-43e8-aa3b-b9188f0f5c0d,accepted,313807614,12916997971
57643892-876f-410e-b18f-b6726d1fb1b8,accepted,313807614,12916997971
d36ddf83-1b25-48eb-aa6f-5e59dec57160,accepted,313807614,12916997971
d6814d3e-f892-42c6-9da1-6b1da57cf54a,accepted,313807614,12916997971
d1866d3a-3d0e-4a27-88cc-6f026a5e251b,accepted,313807614,12916997971
5890e9b5-f321-46b5-a4f2-c392f13a4231,accepted,313807614,12916997971
f6e947ec-df15-42ec-b42f-893ad0b71537,accepted,313807614,12916997971
30abc95f-a406-4b8f-ba3c-178d1a24c2dc,accepted,313807614,12916997971
4f1f5dcc-87ae-4f11-a9f9-cd74f56093b7,accepted,313807614,12916997971
6300d20c-60f3-4c7c-9ecf-8e4aec2e6e80,accepted,313807614,12916997971
9e5c05c2-c839-4104-8498-7eb6f1160896,accepted,313807614,12916997971
23ab6f57-c235-4a1d-b100-b56569f39a0a,accepted,313807614,12916997971
9d453dd5-9a4c-4e61-b4b0-77b3a388610d,accepted,313807614,12916997971
11af8753-b856-4808-b9e5-2430a0a39c26,accepted,313807614,12916997971
8ac608d9-97b7-4306-a350-2235f62561b4,accepted,313807614,12916997971
394e91a5-d35a-43a9-ba6c-802c0b9ef895,accepted,313807614,12916997971
fe42c8bd-d24d-4f5f-be26-a602af459d69,accepted,313807614,12916997971
af77ddb7-b17f-4ca5-a849-b70addc796bb,accepted,313807614,12916997971
f76442da-000b-409d-9875-bf9583579324,accepted,313807614,12916997971
721505bc-167b-4f5a-886f-4cfc611912d2,accepted,313807614,12916997971
306c716b-eba0-41ba-b53f-6ade83c5cb3e,accepted,313807614,12916997971
d30bdcad-8db8-4173-8e31-bf4e054262e0,accepted,313807614,12916997971
4e52b5ee-ec7c-427c-97bd-1bb0096a502b,accepted,313807614,12916997971
9ff4689b-88eb-48f1-8aa4-4dd798ed1f7b,accepted,313807614,12916997971
ccac26aa-a510-4263-8ec0-27f6215d75ef,accepted,313807614,12916997971
733740c8-89d3-4a4b-a6bf-b322d87c783f,accepted,313807614,12916997971
93f69f44-9564-4438-ae50-c14250f2b5ad,accepted,313807614,12916997971
690a3820-67a2-470b-8358-5898003a8fe5,accepted,313807614,12916997971
de7074b3-217b-4656-a7d7-5a10f2067cad,accepted,313807614,12916997971
d7b96099-fd40-4240-b68c-bb8b8b0f9f7d,accepted,313807614,12916997971
a1124195-e2d4-4320-8868-7c18d5bb7610,accepted,313807614,12916997971
0b1e8cdc-3ad4-4d44-91b3-3fa308f99937,accepted,313807614,12916997971
0c3c9bf6-cb4e-4cc4-a879-f717f0f8218f,accepted,313807614,12916997971
a2df064b-799c-4b51-b999-0ae56d1db2c3,accepted,313807614,12916997971
cf3c34d7-e862-4109-be1b-01624af13b42,accepted,313807614,12916997971
fecfc1d3-b2f0-4ab0-8ca0-d6d238472f07,accepted,313807614,12916997971
7fe5d827-bed5-4da2-aeab-220cb04a8870,accepted,313807614,12916997971
68c9c41c-6d5a-44c3-bba2-8dc1cb88ba10,accepted,313807614,12916997971
2786c5e3-a1fc-4224-bec2-31efc9737af1,accepted,313807614,12916997971
e0ab447e-f9e7-4a1e-86f9-b14d37b9c88d,accepted,313807614,12916997971
9760143e-24ae-4f9b-96e6-3a57f2d4182d,accepted,313807614,12916997971
699a8f8c-8d8d-4e2e-b605-ed4ded80a6d8,accepted,313807614,12916997971
c8c04ad1-db92-40af-a717-0cf95d87cbfc,accepted,313807614,12916997971
c972066e-6b89-4ae2-9a06-cbfdada821d3,accepted,313807614,12916997971
4731b1c3-f2fb-46be-b020-7a9414f87313,accepted,313807614,12916997971
72d5948e-59b2-42f9-9fb9-8ae165b11009,accepted,313807614,12916997971
45ccab1e-7a0b-41a9-aba1-286d933e01ed,accepted,313807614,12916997971
ff65458b-d4ed-45da-9d17-6a814c12c2fa,accepted,313807614,12916997971
d421cffc-f452-4929-9805-356f87364416,accepted,313807614,12916997971
8fea3ba4-41ea-4723-8ecc-e54c37c7c8d2,accepted,313807614,12916997971
ac55e56f-0c36-4095-aeee-418ea69b7d97,accepted,313807614,12916997971
263d454a-a28a-46a5-9cdd-4a84bb3627f3,accepted,313807614,12916997971
2253f3a5-4ca1-464d-95a7-c622380eca8d,accepted,313807614,12916997971
25bb8566-d860-4146-8051-fc4750e16bb6,accepted,313807614,12916997971
8797de30-fb45-48ad-a685-9e1c2780fbb6,accepted,313807614,12916997971
cf36acf1-74f2-469b-9e1a-3c6e706b42a3,accepted,313807614,12916997971
3d42897f-aa92-4b13-8853-ae6f4babf774,accepted,313807614,12916997971
cf6f0520-625c-4db0-819a-afb175caf90e,accepted,313807614,12916997971
d9ffbca4-14b5-441d-ac45-c27c1a9bf46f,accepted,313807614,12916997971
8d423fcb-a815-49de-978f-117fdb187735,accepted,313807614,12916997971
d6f87194-a0bf-4a9c-9782-cfdffcfb2cc2,accepted,313807614,12916997971
d482a652-2e38-40d0-9fc5-8adf2b3275a5,accepted,313807614,12916997971
16b08721-6562-4a68-b61d-788c2c6e4f78,accepted,313807614,12916997971
13465c55-d816-4f21-ba6b-f417d20f6562,accepted,313807614,12916997971
b0a423d4-59f6-4ab4-9fb7-99acfb12edab,accepted,313807614,12916997971
793a4c4b-22ea-4fcf-afd0-f8c235a710b6,accepted,313807614,12916997971
c98efef4-7dbc-4e80-8f44-c04e57873e92,accepted,313807614,12916997971
8ef2ccbc-6f11-47ee-acc8-ed016e4c8759,accepted,313807614,12916997971
f5b02bc2-40ff-4385-8044-161af02a0718,accepted,313807614,12916997971
c7ff8c9f-0dbf-4f4c-9d17-b17a28c44607,accepted,313807614,12916997971
f7dd264f-8892-4f32-a8ad-a54a09c0e83e,accepted,313807614,12916997971
c6f230f1-141d-40db-bb6f-948fa3771073,accepted,313807614,12916997971
93eebdc8-35de-4cd1-bfa5-5a2ec91d2b24,accepted,313807614,12916997971
2a2a58a7-814b-46af-9754-8b5b9e79ff94,accepted,313807614,12916997971
e9c8709a-1324-4807-8d92-9b7a86e0cd24,accepted,313807614,12916997971
90ccd715-6a74-4b75-b98a-5c672a78abe8,accepted,313807614,12916997971
cf78651d-5908-429d-88aa-4388abfbd6e8,accepted,313807614,12916997971
83429ad8-0d8a-41b6-baed-ca03e3193ad1,accepted,313807614,12916997971
bdea05b7-42ec-4070-8110-a96903b25e80,accepted,313807614,12916997971
2d9f2204-aa66-4f2c-8e67-207048110d3b,accepted,313807614,12916997971
8e2cafdd-8fa2-4e46-8bd0-bf4ad9b6c24e,accepted,313807614,12916997971
99c4a448-eb25-4981-b82b-893496308182,accepted,313807614,12916997971
1f8759e3-71a2-4a70-9210-ad546a4649d0,accepted,313807614,12916997971
bb4d8084-8fac-4281-91a1-ea1f52d56c31,accepted,313807614,12916997971
c90a2c50-f384-4b8a-82d1-1c40ad819615,accepted,313807614,12916997971
ddb9e821-9ac0-45b4-8418-84c5c8ca2d58,accepted,313807614,12916997971
68dddedb-ba05-454e-ac0b-f857ac84eb2c,accepted,313807614,12916997971
a6feb4f4-1d70-4562-af93-1d613d52af26,accepted,313807614,12916997971
9a6aba09-e7d6-4ac1-a1d5-80f5f58ef7af,accepted,313807614,12916997971
1adccaa6-efd6-4d04-ba59-3394a3924ed3,accepted,313807614,12916997971
7b93c33d-529c-4787-8783-a0a48130d939,accepted,313807614,12916997971
ce7d024b-94d5-472f-9c93-8435bc4e9b6c,accepted,313807614,12916997971
554f5182-4be4-43bd-91a4-8711cb411ee3,accepted,313807614,12916997971
ff4be834-ffbc-48ac-bafb-2e2e1e8eeb31,accepted,313807614,12916997971
291853e7-c3c8-4681-9701-c7eacabe842a,accepted,313807614,12916997971
40239fb0-45fa-4382-9629-7b618e8b9f37,accepted,313807614,12916997971
82962b9a-a6a5-42db-80c5-86c8c41b436b,accepted,313807614,12916997971
c0a2b476-12f0-4624-9300-6da8fb8ffb9b,accepted,313807614,12916997971
17a1f679-a5b9-4459-8db5-7c3004c53a33,accepted,313807614,12916997971
6a200499-ecb0-44b0-883a-129436976731,accepted,313807614,12916997971
91efa532-40a2-4fe1-9996-dbe5b1e3f1bb,accepted,313807614,12916997971
04c40fb4-01b1-488f-a9ed-4a9471366603,accepted,313807614,12916997971
b541dd38-180a-4083-bb19-32b349611326,accepted,313807614,12916997971
79a57943-38d3-4f2d-aee7-4e26ef406cea,accepted,313807614,12916997971
3a87dc44-711f-4194-83db-562ec9ac4230,accepted,313807614,12916997971
5e3bcdb1-72c4-4238-9d5a-9810488b5209,accepted,313807614,12916997971
b40f0c5a-a1dc-48ab-aac5-eee7ea6879fc,accepted,313807614,12916997971
db944c63-f918-4a96-b26d-7ce6d3099d6e,accepted,313807614,12916997971
6add85dc-0e78-43f2-9e28-4434dbf0ed02,accepted,313807614,12916997971
46fbfc32-b93c-4fff-93f9-9c3efeeaeec6,accepted,313807614,12916997971
4cd83428-a710-4058-a81d-1d36376e9f25,accepted,313807614,12916997971
5874ad8d-617d-4e2c-ba1f-c6093ead53bd,accepted,313807614,12916997971
000a777a-fbaa-4b6f-841f-342a6e7a83a5,accepted,313807614,12916997971
f1bc1b38-7b4b-4435-a2dc-3dd86fcb6744,accepted,313807614,12916997971
4319d6fa-64af-4680-92fd-8e9cf4b96ebf,accepted,313807614,12916997971
ddb70505-182a-4ea7-9a52-82ebb5860f9e,accepted,313807614,12916997971
3fc9de3f-3bfa-4e20-9c90-04b9a5ccfd9b,accepted,313807614,12916997971
f191899d-d9ed-4134-ad8c-6afd79d04680,accepted,313807614,12916997971
9b37f26c-3e33-46e0-a125-9cee00ea9439,accepted,313807614,12916997971
e92f5a18-27b8-4784-aa40-8d99788c8edc,accepted,313807614,12916997971
6eba04cd-ac63-4d05-a4fe-e9a4a8511580,accepted,313807614,12916997971
fa158701-95c2-42aa-8b99-cfa078724cbb,accepted,313807614,12916997971
cb366576-1267-425f-8ac6-55bee8769705,accepted,313807614,12916997971
281296b7-2c0f-4285-9a98-62ec7425d807,accepted,313807614,12916997971
aaebf630-ac7f-4c47-8ebb-69bc7a56e620,accepted,313807614,12916997971
67d9558a-1112-48ba-a940-1cfd50abbf52,accepted,313807614,12916997971
4834b302-35b2-42f2-8d37-9a9b57cbd87c,accepted,313807614,12916997971
f26190da-e4f5-4525-85f6-877c96b907ee,accepted,313807614,12916997971
1b36d0bd-7e8f-408b-baac-eb3e9f895ed3,accepted,313807614,12916997971
bd705c7d-903d-4d87-801d-1e99d2849797,accepted,313807614,12916997971
59bdd048-dfe1-40b8-92ce-0a8683924e43,accepted,313807614,12916997971
a28d86fb-f9eb-402b-bab9-864f8dc8cd32,accepted,313807614,12916997971
27312e6d-7018-400a-96d3-3099bb2290aa,accepted,313807614,12916997971
759e5b02-495b-472f-b0ce-87848f1e134c,accepted,313807614,12916997971
1a730f1a-3b98-4cb2-995e-872fb2aac661,accepted,313807614,12916997971
aa1015b2-0489-4ffa-944a-b7755ff5204f,accepted,313807614,12916997971
fbf18657-0605-4247-9646-c32f88e8d4b2,accepted,313807614,12916997971
f26c1c73-a424-4af0-a6a8-4dcdfa715382,accepted,313807614,12916997971
5d725364-6711-4bb8-9d71-168c48db3957,accepted,313807614,12916997971
dc8a3288-13a5-46c3-b45a-8eee8f8c53b4,accepted,313807614,12916997971
f11ed9fc-5344-4e97-a88c-6916a2309d51,accepted,313807614,12916997971
07fbb1c0-41d6-4b65-a477-e507f2e7c4ce,accepted,313807614,12916997971
515321d7-b2f5-45e1-b5e1-af4cb78d44f1,accepted,313807614,12916997971
9f95302d-0a19-40e5-af2d-5876c5a5d702,accepted,313807614,12916997971
f9133468-65ce-4026-a856-73b598ad12ae,accepted,313807614,12916997971
11ff4541-62b5-418e-94ac-7c1fe216b74f,accepted,313807614,12916997971
76215c39-a5b1-45fa-85ca-a76d900bc1b8,accepted,313807614,12916997971
993c1743-fa6e-4da7-8b2a-8f9663b47233,accepted,313807614,12916997971
138d5258-65d5-4323-9ccb-64597bca21b7,accepted,313807614,12916997971
74d461f8-135b-45b2-8f27-dc6b6695fad1,accepted,313807614,12916997971
88e3a5b1-ddcb-4109-ab3d-0f9d2d11e2d2,accepted,313807614,12916997971
02acaed5-5eeb-4e2c-90da-0057e87697b0,accepted,313807614,12916997971
2820ed3f-e3bd-4f71-817c-0ebcc22ea8fc,accepted,313807614,12916997971
88968c8a-e305-4854-ba5a-5553afc5a9d2,accepted,313807614,12916997971
044c0390-01fd-4718-85fc-c7c89a9769fb,accepted,313807614,12916997971
343afc17-1aab-4909-b190-cbd91e0a9c6a,accepted,313807614,12916997971
9b40b4ae-9f3a-481d-a193-ea33fa5edf9d,accepted,313807614,12916997971
481c7e70-fab6-437a-81a1-9247edbb467d,accepted,313807614,12916997971
b0f0cd72-b53b-459f-81d3-6d9dfa1a1e0c,accepted,313807614,12916997971
8451259f-8d42-45d4-987c-23df71c7e1ec,accepted,313807614,12916997971
7c07785c-e7b0-4e0a-bcf8-f642dd2d3e49,accepted,313807614,12916997971
a45824ec-1f1a-4a7a-89a8-43ea1a03c5d1,accepted,313807614,12916997971
7ce8f725-9c5d-4229-93b9-be0ce4d5eda4,accepted,313807614,12916997971
85b12ac9-0e24-4714-89ca-39ad42bb96dc,accepted,313807614,12916997971
4d020203-5db2-4a9c-b400-2990cfa17c06,accepted,313807614,12916997971
2cb4e7fd-fe0b-4546-a7e2-c0e551e36884,accepted,313807614,12916997971
7a4f70df-16bb-424e-9376-5e17e1f0a7ba,accepted,313807614,12916997971
29b155d9-9671-4fa4-b03c-52f3210bbe79,accepted,313807614,12916997971
c2590db2-a602-49d5-bae9-15270cfe3c2d,accepted,313807614,12916997971
0e77d7bd-1e25-4246-a0f6-bb7895b225d5,accepted,313807614,12916997971
e60a48b7-4db8-4952-873a-2e90cfc2d7a5,accepted,313807614,12916997971
51bc3733-e113-4027-b8e7-67eb8873ec0a,accepted,313807614,12916997971
4b80a18f-015e-4c13-ac1b-35ffa4eb336b,accepted,313807614,12916997971
68471cfe-13ef-4c73-adef-e64d4f2cd4be,accepted,313807614,12916997971
0674081b-2319-4b47-8514-260745fcfa3a,accepted,313807614,12916997971
e9985be0-bf45-4708-9d8a-a5b2f503b40d,accepted,313807614,12916997971
e67804d4-8ffd-4230-ac05-9c7560c20570,accepted,313807614,12916997971
3c28b32f-a69b-44ca-9ee8-0e49f52aca9c,accepted,313807614,12916997971
5c1f0982-fcfa-475c-995d-f7373fdfdf6d,accepted,313807614,12916997971
9c2634b9-ffe5-47ac-af96-924e2b102835,accepted,313807614,12916997971
3d1d1cf9-ca6c-4a3a-9012-b87f581d815c,accepted,313807614,12916997971
0a0af605-2ddb-4b71-9dcc-bab2ddc21dff,accepted,313807614,12916997971
28b6a885-4fb2-4d44-9898-87e66ba76650,accepted,313807614,12916997971
206cd3fd-1693-40ef-b509-cc2a6b2e6375,accepted,313807614,12916997971
8cb3469a-1e97-45cd-8357-cff37dc559ca,accepted,313807614,12916997971
2a27e0e3-e421-44c2-bea8-770d7e2e9466,accepted,313807614,12916997971
7e0902aa-c0df-4718-b4a7-b5e0eae67628,accepted,313807614,12916997971
27bc26c8-b8c7-4eb2-afcb-056f49b6865e,accepted,313807614,12916997971
9feadf80-f2f5-4685-800b-07a5b10ef07f,accepted,313807614,12916997971
4fba535e-2696-4edb-8cb7-8d35d77fe670,accepted,313807614,12916997971
672516e5-a69b-48d7-bd33-edd17257c8e9,accepted,313807614,12916997971
bdb8aa3b-3d02-4fb6-b700-5061691071cf,accepted,313807614,12916997971
1143be33-f7f5-4880-9111-a3e5347df143,accepted,313807614,12916997971
0e4c8642-1575-4a9c-bf6e-2c995bdd597b,accepted,313807614,12916997971
2b794573-372f-4746-a12c-b719147afe6a,accepted,313807614,12916997971
a39e5a27-4d4f-48f0-b0c9-4d07767fac09,accepted,313807614,12916997971
08a4cc77-a75d-4825-875d-891190995494,accepted,313807614,12916997971
5b91ed76-9a06-4da4-8f86-dff1177e7a0b,accepted,313807614,12916997971
bb7ff4e5-e40a-457a-acb0-3149ccf7247e,accepted,313807614,12916997971
8255322f-b10e-45e0-a5d6-38aab84a6e74,accepted,313807614,12916997971
660d14a4-ebc9-4138-b739-c0213063206a,accepted,313807614,12916997971
b554b132-c8ff-4ec4-8426-f85bcb6247b4,accepted,313807614,12916997971
872d1d21-ba52-49a3-8e5d-d427bb0dd385,accepted,313807614,12916997971
53ac3941-857d-4eae-906d-4523c34488df,accepted,313807614,12916997971
e4c0a74e-068a-45a3-9418-122b0847e7d1,accepted,313807614,12916997971
4a9605f9-69e3-4f62-98f8-79e4be079ed5,accepted,313807614,12916997971
8f4fbe90-25d2-4437-a499-e94d6847fb62,accepted,313807614,12916997971
9803c65c-1215-4c9a-bea5-e6d167927588,accepted,313807614,12916997971
a5c11a55-ac0e-4618-a1ad-3614ba586783,accepted,313807614,12916997971
80a87090-bd5b-41bf-8836-e672d80fbe7a,accepted,313807614,12916997971
19f632ca-2db5-4c64-a966-4dd2574b0d3d,accepted,313807614,12916997971
e87162fa-925e-4fec-b3ac-120e79831c92,accepted,313807614,12916997971
d1e69e9d-ca4b-4414-87f4-294044152802,accepted,313807614,12916997971
eb45f887-c29c-46f8-b3cb-fe8b288d19fd,accepted,313807614,12916997971
301a10be-3f94-4019-9b69-317488f324b6,accepted,313807614,12916997971
81559c91-8db0-40e4-8e08-c2473a12899f,accepted,313807614,12916997971
82e96243-bd7b-4e7b-9aac-4b93600f6277,accepted,313807614,12916997971
09eb8541-7c21-442d-b465-1066d1dee815,accepted,313807614,12916997971
1bda1c5d-3150-4568-bab1-35019c140618,accepted,313807614,12916997971
aa828bff-f84e-4be4-baae-bcdf87362ef4,accepted,313807614,12916997971
221988bf-e47a-4354-9514-d868b6fd758d,accepted,313807614,12916997971
628f723a-af4b-4a5d-8c8c-98f9e5f6ea22,accepted,313807614,12916997971
2ad1ea43-a2e8-4bdc-b38d-b7ed914862ef,accepted,313807614,12916997971
5c800147-c089-4e89-8186-402e2b71be31,accepted,313807614,12916997971
3412c920-7bf8-4c41-b44f-bcf9fe2878a2,accepted,313807614,12916997971
b5157461-a669-4cc4-b1c8-f46e511c48ba,accepted,313807614,12916997971
89e0cb2b-19be-498f-9dfb-5f248bec0b68,accepted,313807614,12916997971
e7ef053c-5c02-4a5d-aa26-7028cd054372,accepted,313807614,12916997971
1899ece4-5054-4443-88bf-30a5fe2eff39,accepted,313807614,12916997971
7e6db02b-b429-45d4-9067-9cd8b9046bce,accepted,313807614,12916997971
af99a2e3-af10-4148-9db3-7d0141d4f6d9,accepted,313807614,12916997971
20d684cf-daa1-45f9-a6bf-67dcd93934c5,accepted,313807614,12916997971
5c078e01-e06c-4892-bf59-350ecab14b9f,accepted,313807614,12916997971
282ec3c3-977c-478d-89c2-2929bd980fb4,accepted,313807614,12916997971
8a71c20d-cc94-4836-a9ca-21a273a1bbdc,accepted,313807614,12916997971
1027c76b-381a-4c78-8e73-0a929d13c7c4,accepted,313807614,12916997971
b776bff0-6912-4767-803e-a4fcc7206c00,accepted,313807614,12916997971
0205b954-9b5d-4c2f-a75f-db90fe4173b6,accepted,313807614,12916997971
837eea83-57a3-49ec-8a34-bd948e9e1e9d,accepted,313807614,12916997971
d769bec1-6d52-47e0-a093-f59e551e2e37,accepted,313807614,12916997971
24ffb637-0322-4e3e-b4af-612cf9070c39,accepted,313807614,12916997971
6eacf912-24da-4894-b0ed-5e5a34625d4e,accepted,313807614,12916997971
a05bfa30-b53e-47b0-97a3-6100c8f67960,accepted,313807614,12916997971
87ce1bc4-99c7-424d-8697-e3d86f17e743,accepted,313807614,12916997971
acfd5974-75d6-4592-9cb8-751e0bc1dc4c,accepted,313807614,12916997971
c5eaeb7b-e255-4f68-876f-be69b3c4a1a3,accepted,313807614,12916997971
e3a85822-27f0-4dac-868d-c07319493e15,accepted,313807614,12916997971
d0b2c90f-fc71-4402-8baf-18bd5b1c7ef2,accepted,313807614,12916997971
04a612bf-a407-46e4-92ed-05f94ad0325b,accepted,313807614,12916997971
1c538980-bc03-40b8-a9d3-f09667999efa,accepted,313807614,12916997971
6b028e07-5d50-4aae-87d7-60c58badf510,accepted,313807614,12916997971
2a6cedd2-d143-47f5-9c1e-c6e14195d4e3,accepted,313807614,12916997971
6748105a-e724-4207-9261-9ad370d67420,accepted,313807614,12916997971
01ff9883-5a79-4206-9943-78f96ca2a424,accepted,313807614,12916997971
b18c2f28-2afa-49c9-a674-c61d199739f4,accepted,313807614,12916997971
9ae573e5-5605-4f0c-a055-c0aa05e643f1,accepted,313807614,12916997971
774ca0e4-2881-411f-bd6c-3dca984e6bef,accepted,313807614,12916997971
decb6639-e92d-421c-b5a2-17210441cdb3,accepted,313807614,12916997971
6df747c8-121c-4de1-8f35-0f2ae771e7b6,accepted,313807614,12916997971
e84ee3af-8bc3-4952-a90d-edf173aaae1c,accepted,313807614,12916997971
1016e3d1-71bb-4e37-b5d7-80a3759995b9,accepted,313807614,12916997971
fea7118e-d36a-47c0-a76a-db23c41d5280,accepted,313807614,12916997971
33a22c81-716d-43d0-9f74-1f86d0fb2891,accepted,313807614,12916997971
65a08180-7bc6-4645-8153-670f9cd132d9,accepted,313807614,12916997971
8763bd65-ed01-41ee-bec1-45f1a825620f,accepted,313807614,12916997971
4ca0e1df-519a-4877-94c6-89e171014b64,accepted,313807614,12916997971
e520aae2-4664-47aa-9262-4cfa546cbe6c,accepted,313807614,12916997971
caedbbf6-d55f-46c6-9a08-cc49d1d28f59,accepted,313807614,12916997971
841eb09a-24da-4be1-a735-6fe6b41bd723,accepted,313807614,12916997971
895a9ee3-01b5-4019-832c-4abeaa737c1c,accepted,313807614,12916997971
2daa42ec-c002-44bb-85c6-b3105e61c664,accepted,313807614,12916997971
77ce7bf4-fa38-4d7d-9417-6fa9961423c4,accepted,313807614,12916997971
870e28fe-2c95-41ce-91ac-f12b61bd1b4f,accepted,313807614,12916997971
6cf75487-d058-4c7f-b4e4-4d34f2de509b,accepted,313807614,12916997971
a9871e5e-9a56-400c-81ba-af93a23b9009,accepted,313807614,12916997971
ff26c94b-5b3c-41b1-a96b-d0896a1d76dc,accepted,313807614,12916997971
1553ccaa-2b39-4da2-87cf-cf35cd22b083,accepted,313807614,12916997971
b7598dc5-3387-497c-81eb-eb4baf1b8c5c,accepted,313807614,12916997971
c591fa01-c31a-4468-b908-f75b5626577b,accepted,313807614,12916997971
3f791028-bad0-405d-b21f-6325918eea3a,accepted,313807614,12916997971
2ba01067-71c7-4008-8535-fe95ec7544d0,accepted,313807614,12916997971
cec40ff8-09ee-4dc6-8375-f73e18831d27,accepted,313807614,12916997971
676fcdd6-8a2f-43f0-bd09-3958a3a14374,accepted,313807614,12916997971
a32baa67-d8a7-48c3-b13a-b2dbe04e07db,accepted,313807614,12916997971
2aca0e50-044f-4e27-a96f-e784fa1b6c64,accepted,313807614,12916997971
210f0f53-11ed-4fe3-bc0b-85bb22dbc0d5,accepted,313807614,12916997971
7046eae3-b672-42a7-b26c-c9681b32e7f1,accepted,313807614,12916997971
d7dd2203-dc71-4610-90ff-773284e1c7cb,accepted,313807614,12916997971
1ad10565-b6d6-4120-98da-1493196cbc60,accepted,313807614,12916997971
7005f35a-4efd-4c36-a7af-5fe8fe8bd424,accepted,313807614,12916997971
a49ea480-8595-4b13-a45f-f0f5e6b6135b,accepted,313807614,12916997971
435e36ae-a577-4a7b-95fc-22250486e50b,accepted,313807614,12916997971
253a448e-6775-4683-80d7-0e7c14a8cf9a,accepted,313807614,12916997971
c0493320-af89-4ccc-8ea4-a4dd5a1ba56f,accepted,313807614,12916997971
60a3a8ad-c263-4e3f-bbc1-de3c69350aab,accepted,313807614,12916997971
a5e0defa-fc81-4d91-85ec-9823bc8a80b0,accepted,313807614,12916997971
b5e33130-3acc-4292-8abf-5660977d198f,accepted,313807614,12916997971
e178b2fd-553d-4bdc-99e6-c5dc118d36a8,accepted,313807614,12916997971
b37806bb-c1c1-41b4-90a2-7276363f3cb5,accepted,313807614,12916997971
ed77b524-60e7-47ef-9899-702451cb7bb7,accepted,313807614,12916997971
a7abada5-5e4c-4376-b301-7325fbb6c821,accepted,313807614,12916997971
45bbfb50-7615-4f4f-8f9b-1fcc6738eb37,accepted,313807614,12916997971
205d92f6-218d-4ec9-85a4-4d6f15de2d11,accepted,313807614,12916997971
6173ae96-c79d-46be-a92c-d2aa80a635dc,accepted,313807614,12916997971
21a5f1b0-9148-4d5e-a90e-aa81b5f70210,accepted,313807614,12916997971
1436d7af-dfde-4d12-adee-72783d1defd5,accepted,313807614,12916997971
a487a977-2db9-4af4-8b2f-0a09c9e13f2c,accepted,313807614,12916997971
db12b182-889f-409f-b2e8-dd4d0b39e526,accepted,313807614,12916997971
54f8b193-8d92-4f3c-ab68-dbcafc5b9b8a,accepted,313807614,12916997971
dbc5fb87-5f2f-4a30-a835-ffb37a4d1447,accepted,313807614,12916997971
642b75f4-f9e0-4681-b11c-6edfa11bb41d,accepted,313807614,12916997971
72b78a0f-b65e-4dab-80d8-31c26947fb04,accepted,313807614,12916997971
2958746a-57b6-466f-933d-bac81f2c9d8e,accepted,313807614,12916997971
8d1fec8a-bcea-4f55-98ab-f23caaf05c06,accepted,313807614,12916997971
ef9bafbf-5248-42d2-a2e7-6cedc45440b7,accepted,313807614,12916997971
08f39637-676e-47a3-95c4-4f7330efbe73,accepted,313807614,12916997971
25c34f50-5fc6-4fbe-a609-5160562a5b8c,accepted,313807614,12916997971
70e788c9-9bc7-41af-b478-931be598e21d,accepted,313807614,12916997971
4cb0d116-7dba-48f3-bec8-259f9aaa29ed,accepted,313807614,12916997971
e39179d9-3473-4816-8a1c-966fe7d8ab4d,accepted,313807614,12916997971
852a605e-d1f8-44ad-947e-a2aaba21cad4,accepted,313807614,12916997971
b9a64185-b6ab-4049-bc81-3267beff38cb,accepted,313807614,12916997971
53c18f42-cd90-49d4-8eb1-0897e04c1475,accepted,313807614,12916997971
7d0c64f0-ccbf-42cf-8a86-7ea0d3120814,accepted,313807614,12916997971
95516d15-c302-43cf-a432-222bfe23c03d,accepted,313807614,12916997971
62bdb57d-669e-4b20-9ea1-73c624e3c312,accepted,313807614,12916997971
bde6f715-0c10-47a6-8db3-490d256439d1,accepted,313807614,12916997971
b56fa36c-84f8-4bc3-a20f-fab4f72c7b99,accepted,313807614,12916997971
162fdc5d-23ae-425f-9885-940af6fb2c5a,accepted,313807614,12916997971
8e4a3d4a-98c2-4274-af31-647134083548,accepted,313807614,12916997971
06b8c772-766a-42ed-b885-2ba06c4f377d,accepted,313807614,12916997971
fd8d79df-1255-4687-8732-e19cbc1377ca,accepted,313807614,12916997971
5f60fdd7-bdb7-4937-88bb-e4f7ed41101c,accepted,313807614,12916997971
6b9bae3e-26fe-4137-bc6c-1d7b2868d137,accepted,313807614,12916997971
5f89752e-f2af-46c7-9195-72fc86246def,accepted,313807614,12916997971
c921e5b9-e40c-4135-a558-c16ec7ba6b02,accepted,313807614,12916997971
1b6a021d-9e76-42af-bdce-3af325bfdc5d,accepted,313807614,12916997971
0c6816b8-1c6e-4e13-acca-c63a6ce616e6,accepted,313807614,12916997971
3d078a5d-de9d-4c17-8002-324ce5aa00f0,accepted,313807614,12916997971
990177b4-4b70-42a6-9444-a2dd72dbadfd,accepted,313807614,12916997971
7d67c30b-1f2e-440d-baf7-adece3bbcaae,accepted,313807614,12916997971
113949c6-df49-4be7-b392-8e39109775b8,accepted,313807614,12916997971
1335bf2c-16b6-41de-827f-49a7765b5578,accepted,313807614,12916997971
fe3c26ea-1dec-4693-8ec0-8974b1255219,accepted,313807614,12916997971
89884e45-7a53-4a0d-b19e-e53759e2d3ed,accepted,313807614,12916997971
3ded18ad-cdf0-4c67-a550-9e4bdf5c3a2d,accepted,313807614,12916997971
6f2a222a-30e2-4109-8787-3d101d054716,accepted,313807614,12916997971
10b09cbb-25f7-4509-8677-0cfdb67c4b59,accepted,313807614,12916997971
1353f5bf-604b-4455-a32a-b041d116f3e6,accepted,313807614,12916997971
8f0e6fb4-55d3-4731-b163-16562548affb,accepted,313807614,12916997971
a398cfd9-17a6-4671-a1e0-7f5c45145a05,accepted,313807614,12916997971
a45df8ff-78e4-4171-942c-4254467a08af,accepted,313807614,12916997971
1196a85e-2fc9-449b-8587-df1d0d6bf730,accepted,313807614,12916997971
8d66b0cd-4232-4573-8acf-eb7b402c070e,accepted,313807614,12916997971
65af8649-6edb-43d4-9acb-ee59890d6be3,accepted,313807614,12916997971
6f254ae2-0b40-42e3-904e-cbe737faa70e,accepted,313807614,12916997971
6ba3c68b-839d-430a-8397-32cdc5952ae4,accepted,313807614,12916997971
c29c150b-849e-4822-af45-f66c9b5ce73b,accepted,313807614,12916997971
db55d6b6-60fc-4eb6-963f-d9b767e84fc1,accepted,313807614,12916997971
707cfb0a-f890-4d29-ac1c-ebd7466640dd,accepted,313807614,12916997971
fdb3ecc5-fe25-470f-be27-8d9d3c8f9a33,accepted,313807614,12916997971
45a36cd8-e269-4146-b88e-9f53224ec211,accepted,313807614,12916997971
ab05b290-dc23-44a0-82cf-00da6c077e5c,accepted,313807614,12916997971
dcecacb7-c55d-4e44-ba11-96f0c8c6cb85,accepted,313807614,12916997971
ef7cde04-645e-4de9-a51b-d978883782d2,accepted,313807614,12916997971
f2a9eece-e809-4c05-b09b-87cc07759b37,accepted,313807614,12916997971
155c15cf-3a11-464b-ae0d-68f1f78eb45c,accepted,313807614,12916997971
cf6774e8-6329-46ad-bd09-2d8f2d6670af,accepted,313807614,12916997971
5f9bba93-e392-4e4a-96ae-5626c9420023,accepted,313807614,12916997971
063f9996-4618-4c17-9cf7-b92730d72dc3,accepted,313807614,12916997971
59835984-b4cd-4fe4-838d-94a1a1939303,accepted,313807614,12916997971
11f05f9c-5162-47b0-a56e-21e8d2cfe940,accepted,313807614,12916997971
524bd5b3-64bf-4755-b3c0-9d3682b3a003,accepted,313807614,12916997971
87bf1dca-0d91-4d9a-b97e-917b378986a1,accepted,313807614,12916997971
a3f2d5bf-a082-4c6d-8a4d-67ffe5350017,accepted,313807614,12916997971
a20b5020-a517-4c02-a1ed-38e1b477a047,accepted,313807614,12916997971
f236c0ac-9496-427f-ae6a-9041f018e493,accepted,313807614,12916997971
b593d8db-1e06-4425-a986-f85e8f6d4f58,accepted,313807614,12916997971
5d9c47aa-3037-453d-9447-eefc73f90c56,accepted,313807614,12916997971
aee0dae9-277f-44f9-be81-7fd1cf61d3b7,accepted,313807614,12916997971
9c508a08-a382-462a-9c06-191f0dd06276,accepted,313807614,12916997971
fadc4d14-aa6f-458a-a8ac-74fc2d857242,accepted,313807614,12916997971
6ac051ea-7af3-4f09-a005-48516c1f47a3,accepted,313807614,12916997971
f41ba35c-c87c-49d4-a843-3dde08e9503d,accepted,313807614,12916997971
19cb2299-afa6-41b0-9ee3-a23e33e1b75d,accepted,313807614,12916997971
b21422be-cefd-41e9-b572-7da6e0a845fe,accepted,313807614,12916997971
160c03ab-5b9f-4fd4-a35b-53b697e4dede,accepted,313807614,12916997971
47ad4081-5172-4e46-b679-f2b70fdc2a08,accepted,313807614,12916997971
243e2e96-b1b1-459f-930f-d5dd4100b106,accepted,313807614,12916997971
203f892b-c0f0-449c-ac32-78a70e36181d,accepted,313807614,12916997971
09adeded-472c-46ae-bc6e-a5874b30e688,accepted,313807614,12916997971
9aef6211-7ee2-4146-a561-44f5fe2a679b,accepted,313807614,12916997971
b23b3d3a-8016-4e68-ae40-64421abaa440,accepted,313807614,12916997971
33a915ad-8c15-4c3b-a84d-10d4a8bc1d5e,accepted,313807614,12916997971
2c493b76-8f3c-46de-b86a-c9faf0205d8f,accepted,313807614,12916997971
becd7d36-2bf9-43de-bb06-083ae901f6a3,accepted,313807614,12916997971
018fdc75-b168-4b71-814a-356886d61e82,accepted,313807614,12916997971
cc6b3852-5ccf-46a9-82c6-ea8580d333ff,accepted,313807614,12916997971
68e44827-bb47-4209-ac79-1426cbab25d1,accepted,313807614,12916997971
e6f6bde9-b486-45c3-82c5-f5ef29241889,accepted,313807614,12916997971
3c0ae93e-7e64-4f4b-9d6e-c72b7dfdd133,accepted,313807614,12916997971
b4f8b35b-7a11-49cb-b630-66aa6fdb4954,accepted,313807614,12916997971
a6ed1a1c-0ce1-4e15-9fe7-fed794e9c004,accepted,313807614,12916997971
4b37809a-b99f-496f-bed2-cc00b959c7ee,accepted,313807614,12916997971
e73aeddf-1ae4-4413-b0c4-2249cefd6ebd,accepted,313807614,12916997971
6eb7ea24-c7f4-45ca-b778-36debd811427,accepted,313807614,12916997971
36001bbe-43c3-4437-b364-4e17078e0b67,accepted,313807614,12916997971
7eb2b113-5ed7-47e7-875e-ef07cb4111c3,accepted,313807614,12916997971
79988621-097d-4601-808b-27101be91afe,accepted,313807614,12916997971
ca6aa76d-68d5-4229-bd5d-98b012986b8a,accepted,313807614,12916997971
0aa78f41-4fbf-4465-83f9-894f86cedb4c,accepted,313807614,12916997971
52f25335-4bfc-4a94-815f-1c84e7f438fe,accepted,313807614,12916997971
0298df0a-41f7-4d67-95bc-935939b00b49,accepted,313807614,12916997971
0bc33162-10b4-4ff4-9eb0-b2f265d7aba0,accepted,313807614,12916997971
f27f6f26-9667-4a4c-b6b9-6decfaa8bfbe,accepted,313807614,12916997971
9c0eda5b-b22f-456d-b138-96092ec9c94c,accepted,313807614,12916997971
945011b4-d40b-4b50-bfe8-08c5599e558c,accepted,313807614,12916997971
dadc445a-9589-486b-8012-776e80352f2a,accepted,313807614,12916997971
67d55f37-b191-474a-8e20-f8c668a6f0e4,accepted,313807614,12916997971
0402753c-3058-4bcb-8719-8f8adf3ad8a2,accepted,313807614,12916997971
71685b61-7f92-4fea-9713-33c434ba49f9,accepted,313807614,12916997971
c6b8384d-10bb-4a57-af84-1fedfacb8240,accepted,313807614,12916997971
777f9cfd-297f-4f4f-82b9-9a23a9ae0959,accepted,313807614,12916997971
85844a60-cc24-4ff9-aae8-1c6e9b9ead1f,accepted,313807614,12916997971
7f72e479-21e2-477d-b505-b447efd0df67,accepted,313807614,12916997971
7e8b74fb-edbc-4029-97cc-0f5738ce0889,accepted,313807614,12916997971
8219fdd4-cc19-4a68-95f8-115b3c9cb3c6,accepted,313807614,12916997971
2e78ff63-b7ae-4519-a390-3f895715995b,accepted,313807614,12916997971
3d40e3e4-dd9d-4820-aacb-d1832857f6bd,accepted,313807614,12916997971
9a2ce086-5993-4dca-8cd4-65b1eddaa42c,accepted,313807614,12916997971
a223a42f-ce7e-400c-a1b0-fba873dc2f66,accepted,313807614,12916997971
826bcf01-7403-49de-b299-d7964929a4b8,accepted,313807614,12916997971
d821d082-ffd7-441d-923c-4be025a07d24,accepted,313807614,12916997971
6e3f9239-c1c5-432f-b2ff-07c669d7e2fe,accepted,313807614,12916997971
3894656f-8d77-468b-9211-9ef52f4e3bf2,accepted,313807614,12916997971
424d413c-8b8d-45bd-af05-e2b5e16bb8bb,accepted,313807614,12916997971
b4a78669-6382-4a24-9115-b36e91e7987c,accepted,313807614,12916997971
4f2eaf09-612c-4f33-b5df-c45ba10536f7,accepted,313807614,12916997971
d167c4c5-7f36-4fc5-b03d-2acb7f662820,accepted,313807614,12916997971
eb95889f-44fa-4399-b39a-f3b51da964fe,accepted,313807614,12916997971
fc1c27d1-a05d-458b-a6e5-84374ca92d9a,accepted,313807614,12916997971
eaee6b60-bf1e-4804-842c-1777e340d792,accepted,313807614,12916997971
89d47fcc-12d9-49f8-abf1-2037954567a4,accepted,313807614,12916997971
69e86085-13cc-4a89-8617-355a3ad45c68,accepted,313807614,12916997971
a970830f-26ef-43ff-bc59-5470fb728247,accepted,313807614,12916997971
828b5fa1-a44a-41a4-a639-0838598cef39,accepted,313807614,12916997971
62861514-8399-4980-8813-fcc5fd0ce2aa,accepted,313807614,12916997971
df62c72b-d46a-4e84-a133-4a276e286f50,accepted,313807614,12916997971
bf7eb61b-1752-4062-90e6-4b33f762a564,accepted,313807614,12916997971
9c3d32bd-744b-433f-ba07-cb57ddd7c64c,accepted,313807614,12916997971
6d51ce8b-f8c6-4aea-ad5c-6794929015b8,accepted,313807614,12916997971
aad56376-1d08-44cb-8212-c784bd88e6d4,accepted,313807614,12916997971
a225f8f3-7c97-414c-bc81-b8569c469de6,accepted,313807614,12916997971
3e18ee36-c12e-46c3-afef-fcd9ad8b53c6,accepted,313807614,12916997971
3cf76ba9-3492-4eec-b78d-a0c45d2a3ffa,accepted,313807614,12916997971
c2729e7b-ce63-4aa8-90a9-565a11659bf1,accepted,313807614,12916997971
50b68fab-a4a4-41c4-bf22-2a5a50558186,accepted,313807614,12916997971
5e9c22cb-8db0-47af-9274-7821b0f320a1,accepted,313807614,12916997971
8325885d-b31f-4e3d-aadb-801fc552a172,accepted,313807614,12916997971
242c5191-5bf2-46fd-9472-51d825c5db48,accepted,313807614,12916997971
f243eec1-ef6d-4d69-9e6b-37dc9abd26d1,accepted,313807614,12916997971
f881c43c-4abb-45c5-90b4-e3d4d2004578,accepted,313807614,12916997971
2f2d2f9d-6183-4452-83f3-2ae9ce8d3436,accepted,313807614,12916997971
330ab923-19b2-4be6-8be8-c1482bc4e181,accepted,313807614,12916997971
7a8abcff-05f6-417f-8f8a-9d50fc7a0b21,accepted,313807614,12916997971
5f9bde15-734c-4ae8-9ee6-7df2e797c5cb,accepted,313807614,12916997971
4c05c466-ce24-4536-8c6d-e95c14317b37,accepted,313807614,12916997971
e214532d-050b-4e17-95d1-499de4d6a181,accepted,313807614,12916997971
037ce9ab-003e-487c-be6f-89af64d99791,accepted,313807614,12916997971
f0697591-edb3-49a3-b050-8333cab71d2e,accepted,313807614,12916997971
17a817c3-e19e-4de5-b06d-bdacaf91fdb3,accepted,313807614,12916997971
68e4960c-b9fc-4cb8-8708-b083c66bc42a,accepted,313807614,12916997971
70563376-bf5a-4c2b-969f-a67f75e6ac93,accepted,313807614,12916997971
c2a4d514-c1a6-4343-8d5f-4a81ece3d40c,accepted,313807614,12916997971
016bca5f-5a3b-4921-a294-cffea308ecfe,accepted,313807614,12916997971
1f1fceaa-cfd7-4443-8c3a-4cd3219d6f94,accepted,313807614,12916997971
f1c43e1b-cbad-47a1-a649-c064adcb57e0,accepted,313807614,12916997971
5a93a3f0-f5a7-4ecb-a98c-1cef17dc9b73,accepted,313807614,12916997971
dfd79f2a-53da-46ad-8bec-0ad3372c673e,accepted,313807614,12916997971
c0c60030-2b2c-490a-903f-c52b9077eb73,accepted,313807614,12916997971
750768f2-500b-4392-b0e5-f3e06d34f1f9,accepted,313807614,12916997971
3c8f0ea6-864c-4fba-8608-d97e9da9cd19,accepted,313807614,12916997971
6605995e-2193-482d-855f-2380af43f6f5,accepted,313807614,12916997971
45e51353-6655-411d-87ba-a187ce1f7f30,accepted,313807614,12916997971
195f61e1-81b0-41fd-8647-961d7649f9f8,accepted,313807614,12916997971
041994f7-0c4c-433d-8152-8cb327b785f8,accepted,313807614,12916997971
373105c5-17bd-4023-a395-0ed0a6a0285e,accepted,313807614,12916997971
3168aca3-61a2-4a74-bb58-6425c971d9f9,accepted,313807614,12916997971
bd6a9b19-5478-4d5f-a4b0-8d82dd84d2a1,accepted,313807614,12916997971
a5915cbc-63d8-4164-b24f-bf72756ba8fc,accepted,313807614,12916997971
9bc6a9a8-491f-41f9-89d3-38078a229556,accepted,313807614,12916997971
1769ac33-6f1b-46d0-8246-585a3ca1dbb0,accepted,313807614,12916997971
8e8de4c7-4ff0-481b-91fb-3acd815669c4,accepted,313807614,12916997971
251e0f69-5a40-45d4-ad47-60b69ef9cc4d,accepted,313807614,12916997971
19ffd102-dbb9-421b-b319-b982e2e33f79,accepted,313807614,12916997971
0914f74f-1e5a-4ed5-8ae5-cc7b3fee2383,accepted,313807614,12916997971
4507ec67-b463-442a-94de-2b0428bcb40a,accepted,313807614,12916997971
d50e05e2-da62-4e56-890a-815c945adf02,accepted,313807614,12916997971
69aeb511-2e6c-4176-b652-77090fae7963,accepted,313807614,12916997971
b3a95fd5-bf3e-4ba6-bec1-831bd63d795f,accepted,313807614,12916997971
c650f150-ed92-4aa8-b9d0-79cb9be7f1a3,accepted,313807614,12916997971
7216f86a-24bd-45c6-9e28-c7c26a173848,accepted,313807614,12916997971
871f9f70-d773-4b9f-96f2-572e824f5422,accepted,313807614,12916997971
10d364d2-4fff-4ab0-b5e3-882687223ff9,accepted,313807614,12916997971
3ca4a284-6915-495c-9bcf-30bcc2c6dbbf,accepted,313807614,12916997971
9475b5df-5d65-4aa4-a3bc-3fd456367ad5,accepted,313807614,12916997971
068df7e4-4436-4584-9177-615acc9fb8ef,accepted,313807614,12916997971
861ac58c-842e-4995-a99b-74121459f0dc,accepted,313807614,12916997971
3464ee48-feba-4ad0-85f0-979e1b8c9d82,accepted,313807614,12916997971
c5a0e259-0a02-4724-8b55-a36b4e07a8fa,accepted,313807614,12916997971
546e8084-707c-4be1-97cb-9ec20bbe1146,accepted,313807614,12916997971
51aaca02-5b9b-4d65-999a-37227e94d27c,accepted,313807614,12916997971
ee91fae6-d4e0-49ef-b2da-8310e0d158b7,accepted,313807614,12916997971
69d66cf6-775a-4fdc-8193-65c9dfc13058,accepted,313807614,12916997971
ead07e53-c82d-4b63-8bf7-d8b95af763a5,accepted,313807614,12916997971
c90e2b25-c957-4643-9201-e037a50150f9,accepted,313807614,12916997971
a629fcc4-5ec2-4730-93c2-a9e13a620b0d,accepted,313807614,12916997971
af37c42f-60f3-4544-8e31-2679d3d786b3,accepted,313807614,12916997971
d00055ea-4eb5-4f8b-b279-424de8a0616c,accepted,313807614,12916997971
3b2f3e31-2c53-4f66-97f8-14215b5f73f5,accepted,313807614,12916997971
abd56b4f-1935-49b6-8da6-b642f390dcdf,accepted,313807614,12916997971
bd630865-bd97-4c06-9568-5341bf764ea8,accepted,313807614,12916997971
959d4d45-e7ac-485b-8c00-df67951ec079,accepted,313807614,12916997971
133e013f-5247-4afb-b8fe-c2adce00a085,accepted,313807614,12916997971
71d41695-f5e3-4e4d-b39f-49bc569cff47,accepted,313807614,12916997971
68b27ea3-d982-4611-8e9a-caea7be38b2a,accepted,313807614,12916997971
b4327ac6-a2b0-4b12-87dc-38330ca8534f,accepted,313807614,12916997971
7ff7417d-c13c-4ed1-9bbc-e6b050ca0bd8,accepted,313807614,12916997971
1262539d-f39b-41ed-b978-ba721a4c7593,accepted,313807614,12916997971
74649b3f-cf29-4630-81a8-d7b5d8f46ad3,accepted,313807614,12916997971
56c5635e-2c52-4434-a615-81fb58cb470a,accepted,313807614,12916997971
aab046cd-e23f-4a1d-8e64-f8d018718c1a,accepted,313807614,12916997971
1e151132-db7f-4ce7-b944-ae0745d95ac6,accepted,313807614,12916997971
7186875a-a819-4c6c-b1d5-49073c954449,accepted,313807614,12916997971
16958a3a-c143-4a41-a5d8-747eec10d7e1,accepted,313807614,12916997971
1a35b2a2-6812-4c5e-b296-0be31bc5d368,accepted,313807614,12916997971
ae25ff96-f6e5-4207-a02b-be872b097289,accepted,313807614,12916997971
d182cc34-487b-4622-ad58-4c8be1284ffb,accepted,313807614,12916997971
cac192a5-5902-43de-9bac-b76eb7789b92,accepted,313807614,12916997971
c5735a67-67cd-4a89-aaa3-79adcfac5490,accepted,313807614,12916997971
8420e558-1ae9-4e06-ad13-47bc917afe9e,accepted,313807614,12916997971
3870e811-c544-4b13-b1ce-322e9ac0f14f,accepted,313807614,12916997971
a5a51a96-23b3-4736-9ede-d8255d0cc9f5,accepted,313807614,12916997971
358a3276-b01c-498e-b634-3e295b6983f1,accepted,313807614,12916997971
ff5ba21e-9070-40cb-9882-410a52dbcd26,accepted,313807614,12916997971
b78470eb-508e-49f6-8ac7-4d99354cbdd7,accepted,313807614,12916997971
575048ab-61d1-42d1-bfd9-28b402a7e561,accepted,313807614,12916997971
86a5be14-9d1b-4868-9b38-9fc0dc94bc0b,accepted,313807614,12916997971
44603552-15c4-4831-b7f7-e29e5371228b,accepted,313807614,12916997971
99ec82b8-2fba-438e-aad6-e654c42b361c,accepted,313807614,12916997971
562b5942-2a65-4af7-9e44-7c05bc83d904,accepted,313807614,12916997971
b4b1177c-3205-46e1-a60e-fd1b1853322e,accepted,313807614,12916997971
5ef96036-ffb8-42c3-86b2-81fc6699ec3e,accepted,313807614,12916997971
8a525556-c5b5-4c95-8ef4-4516da5498bb,accepted,313807614,12916997971
3c865613-d389-485a-9747-ef09f27dd174,accepted,313807614,12916997971
faa47828-ff19-4575-aa8c-89356be60310,accepted,313807614,12916997971
2b0e4644-09ef-4836-a86a-bdd9de99f8fb,accepted,313807614,12916997971
85021cd0-9b50-4977-9d00-2d3ca6ee8ca5,accepted,313807614,12916997971
97fb56e0-4454-4d70-8ef0-727bb3cd9724,accepted,313807614,12916997971
cc550928-17a4-4f31-8fb4-d6d86a3550b5,accepted,313807614,12916997971
72ef18a6-db01-469d-84fc-ea40b07a4dac,accepted,313807614,12916997971
49e0876f-5af5-4f81-8051-e43ed7fd8d8d,accepted,313807614,12916997971
8cd393a2-8a4c-4501-a53d-bc4cd298872f,accepted,313807614,12916997971
925abdb3-cbcf-4d77-8801-628c96e3ac89,accepted,313807614,12916997971
f4d79ca8-580b-4a36-98c6-6e5b1fe10620,accepted,313807614,12916997971
4b53a6d0-07cc-4e88-b654-1efd863b103e,accepted,313807614,12916997971
a15b3abf-2dd2-4a9c-93be-58d887e1dc1f,accepted,313807614,12916997971
586f9d76-d0bb-4ace-8c78-14ab8aeda151,accepted,313807614,12916997971
691e9bd6-b34f-4be8-8023-c429d104dbcb,accepted,313807614,12916997971
3436d740-2413-4e9e-b185-ecf2407b97e2,accepted,313807614,12916997971
56f94a64-15c2-4a21-9f22-38af0440f4e9,accepted,313807614,12916997971
94604b4e-366b-43e0-afc7-871e33014640,accepted,313807614,12916997971
86818259-70f7-4a01-908e-99c1ef6023e8,accepted,313807614,12916997971
4ea7ffe8-7767-4bb8-a6c2-a97c91898b4f,accepted,313807614,12916997971
2a1f13c7-9567-4bec-94c5-e568c1314cc0,accepted,313807614,12916997971
35186f23-ff96-4db8-899a-91b073a8fd86,accepted,313807614,12916997971