ssn,partyUuid
09839196625,d3a4d90e-173f-4111-b67f-7d47065c291e
20892949779,9b73a9d9-a8e2-4540-854c-2ae2ece1a4f6
18889599223,b882c904-0b19-437c-a23b-0b353437bad7
02819598757,e80f3ab5-4a58-4134-90f1-37ddd48234e6
02871949797,9ec6b420-adc0-4214-a1ac-f93a00ddacc6
13854799279,7c82286b-5e4c-430f-aba1-176611d1b189
11856996818,0e537572-f475-4498-8f43-5aad6af1685b
04812548129,5536711d-2f12-4a29-a2a5-5726f88a3993
13867498820,0e4dc3f3-6f5f-413e-be8a-1969ea9393fb
17837197708,226a6e63-e2f1-4d12-8c3b-8d1d54db4f29
06824498308,18e13077-a707-4ddc-a478-1421cdf91652
18818798918,c448aabc-4481-42be-822b-e79c8e62aab0
22825897198,bf6f77b5-4732-483b-869f-739cccebde58
22889198846,6d2919d1-fe39-41a6-afa5-ec76076051d8
23888897747,ed7a39c3-7795-4223-8f44-7a0f94003f3a
03819997895,eae72b79-b08e-4db6-8423-6fafdb674790
05877797815,314d498b-6c6f-4083-bf60-4bb67029944d
28858096911,d0fe1be6-db0f-4807-8c11-803f21c84a9e
30839198546,99ba8402-f9b8-410c-9dc1-58db29f57032
06896195385,4aa6b129-71ed-4829-90de-ed55103af166
18848395958,242b0156-6197-4d0f-a01c-dba681b5a75f
17840147525,ffeb1905-6c18-40cf-b603-6044ca235c5b
11886296357,aae2a176-f9c5-4686-a518-22bc81c92851
17859296629,2c689cda-5a72-4752-bfed-511aa006918c
06824698420,47556e43-2572-49de-8cb8-ee80cfa3e3b5
05927194831,243c3195-d69d-4555-af84-5db97bb120f4
28894898331,01959d9b-07a5-4349-b02d-e02f8b5956b9
09918297127,9a78c68e-5595-4b2b-90f3-783314440bc3
30928798077,83b91fe7-1700-47c6-97d1-88c13d278115
11895798748,c21d86cd-613e-4e2d-84b7-d3b8473abc93
06918099512,604843f9-9457-4c50-8b26-8d7137f25143
13855699367,67748182-a8b7-4dd4-8d23-bda2c6a0cd44
23889099658,86433f7c-02c9-4f4e-a3f1-2e4caf5bf223
16848899139,11982f49-f3f9-49c1-a51c-7bc6a37d9c04
03816198738,c46326b9-3a12-4704-b23c-b0efaddc0421
11894997887,0e9fc4d1-3eec-4c59-aaaa-3f58e204dbe8
05856897747,66a26a92-0bfd-4438-9a20-199c5e815a11
30815695905,9b615900-b086-496a-8cad-394ca63d1424
20896999533,d70591a0-7a6d-467b-875b-57f73a3b386a
19852349088,44798a1a-5b7b-4df2-b1b9-d643db28add7
08820848323,6d47568b-7183-4f7b-87ad-7609a3e46f97
13827898400,03051d85-160c-4014-8231-9504176c8df3
16908997046,193241b2-56da-49c9-80cd-8465ddd17afd
01846897891,589c216b-7aa6-4a91-a38c-7ef1a255b4e8
04858999958,538ba6c5-4c08-4dc4-8b64-4bc932b12823
29835799636,c035a9e2-60d6-40a2-8c68-f04354cc2031
16900649065,10c1b5ae-a36e-419a-ae68-947a066e2a76
07834199178,f1e5dc4e-0485-4b8f-8337-3504dc8a84bc
02885198034,145a34e5-03c0-4c1a-a44f-46dd23106f10
01841048845,15bd6df8-213a-4153-8499-cee4d58b769b
03895697183,9994a24e-0c25-44cb-804b-6034a25eb281
06883847596,69e97eb9-d523-4ebc-b634-d56afdaa3803
21929899978,dc5e8ab4-03e3-4124-974d-7bb73956bf94
19880549467,b52dd553-3a41-4d69-827e-4cd7c4605b3b
19905198834,da9f108c-f554-45ee-812a-a822599c214f
08832448991,e50b004e-0920-417e-a809-be2152943ab8
02841949474,f5086efc-cb9c-460b-b116-484c4dfd847c
14819999482,8fd42565-12ac-4331-9b9d-33531afc7eaa
07826899756,9c60b53d-0049-412c-9ed5-26b4467a2616
16854897881,9eacf1ca-bdac-4039-b60d-fe4a903480ce
20854198786,3cab26b1-d20d-411e-aa1f-39b238eacadf
27829898808,f394212f-3764-4943-ae53-ca1e1ea2fb99
07865295094,0921b79d-3467-4728-909d-cc9c52262c13
21816695578,6edcc377-5580-4ebe-8ddf-7ecaef0b51be
08844798580,be092f86-8a5c-403a-a9b8-c593009b0957
15847399187,076c60c8-0e72-49d4-90e8-7464cea43a4e
10816996657,9b646b14-105a-4f84-8546-841ee26a9ec0
18819199058,aa2338ef-1f3f-40d8-8202-cd5c005f7d06
21868395955,694565ca-1a4c-47e9-89b3-10e3ab030e01
18849099945,066cec99-de1c-4d4c-b8bc-dd32c9e60be0
27849699488,e71eaa33-8153-43e5-9daf-c028d43f4232
16903149055,aa39f407-aa97-4654-ac50-d8c7c0782d2a
16831749702,b442b57f-2186-4554-8e01-3f1582803fa2
26819798353,6b4deb1b-edf5-42bb-8e8c-4e2e8faf69ad
09866797177,4b23aec8-eae3-4327-a4a7-2eaa640af680
30908899810,f667c9a8-04ef-43a0-8eeb-229e5d7da634
25907097172,d9cf341e-38fb-4ee0-8525-5d565105eab1
09826395718,8b61c709-9cf6-48b8-8f7d-b9688912bf82
25825197411,f313731d-d6dd-4514-8811-2cc4e9b674fb
18826199306,7cf1a511-eeeb-41ca-abbc-b9ff55c9841b
03905998381,cc063f1a-fb77-4f0a-aeed-60071fcd41fe
10911148795,10a8c813-e3ab-4828-87b6-6f50dfea3e0a
06917097664,504af8b7-5c4b-4ab5-a3fd-11d0a0091dfb
09924798316,1c8e2f99-8a63-4df0-902a-aa9d899a843e
14869599469,d28990fd-fe8b-4b43-a560-bfb17bbe60f9
30869298537,e90007ad-d41a-466c-a593-53a16a4e5dd5
12896198376,1931d59f-3f7f-431d-9636-e609f9d06868
12844197576,6e4d489a-489c-4c5a-8947-4ee02968954a
16926996014,39a14941-9e6d-47dd-ac61-25b9558047f6
20919197316,d8d76ce9-b80d-45cc-9935-a49937919ca3
05867896114,84502761-5283-4416-b738-1348431fd38c
21819397772,1d9aa3cb-18a4-4991-8fd4-a8f2f0125d6b
26922549132,5b7ae12a-0276-41ab-a818-b5ae20f4842f
06900197940,9c5856e1-5c44-42b1-8b19-9df32b05f4b8
15886797262,68f87b05-529a-41eb-9cae-50dfce4e270b
07912348738,5ae82d4c-82c6-4b77-8369-0f41c4a9c83f
30877797852,6cdd03a1-0f0d-4ca3-8e32-b1cd2996ea56
11852048915,d78493cc-fc9b-4962-8a46-a8a26ec439ed
13827699939,8c76fcd2-2170-4904-a95a-c686594478cc
07914099549,c4343fb9-7996-4321-a151-66ed050fc0d5
30819899890,27ecab6f-1865-44f4-be6a-78b04c8aa63b
27835199067,8cbbf0d0-054c-4ee6-962a-0ed345964db8
04834598774,1e2985de-27f0-49e0-9c76-7c9e9d34e262
17848897167,c95e2ecd-4ecc-469b-a06d-15e757eee898
20915098852,14537a71-bdd5-4f3f-8c1c-db3f1fb1b400
21818697454,890b58f6-9bf5-4f08-914d-7f0c413f7e12
05886898691,fe21516f-7dd3-490a-b2a7-02e5d53f6ae7
17897998327,7963a5a7-44e7-4abd-ad7b-4d0368d73993
16857495458,0692e169-30a6-4a6b-868b-4d16a8a9cc75
12916699253,172caec8-461f-4725-902a-3433b16c1d6f
20829596890,20b7f382-768d-4f63-96c5-440d4a30a90a
10928297085,0e56243f-4a1a-4fdf-bf6e-717786e1ec5d
30857397718,fbfa530f-9a21-4573-bb50-c7e10f46b10d
18856798093,0ba632b2-738f-4f5f-8cdf-c09cde4003c6
20825697501,3a8e14b1-a7d2-4aeb-b045-d61e4dc5ae47
12866498197,db072fe8-c4a7-4561-99d8-2462f7c17df1
05825598318,5b3ded89-9482-443c-8964-31d26b506af0
16828198762,d490656a-4e3a-44d7-803c-5bc9d697ad02
17847196661,7573f6aa-ebe1-40ea-84f9-80e41fbdda86
13855897126,38b9cfbb-46b0-43e7-9bd5-649332de42c6
30862449947,e43b9bc7-c562-46b9-bed6-37fe0242fdc2
26816496305,f55efbc4-64a3-4bf8-af56-13f5c2222ad7
20905697308,37523f50-c505-4f97-9622-bb5799b90884
20817198962,ee3605aa-7217-49ef-a0db-1c2a81292b3b
18889097228,e6890a5f-55f7-40dd-8c3b-4e4a21fa0498
25836498448,271711ec-b701-4c83-8b31-7d9cb25ee439
14829096871,d0f243c0-d18f-458b-90c4-f7d79db4ae65
11810299667,c368327a-a6c6-4a1b-8b3f-e1185bc2ff1f
21874098199,fb2a0cfc-20e7-45a9-82f6-ef6a3df4d3f6
13842949402,2f21eed6-d7b4-4556-b517-4883e10583ae
19826999716,172a5016-2e1b-4c41-ac9b-5e933d520707
06818396722,5ff321e6-57f5-439a-bacd-879fcd2e100e
11843149849,54cfdc42-306b-4e4f-a38c-be7521e5a9cc
10832949677,0760c933-caf3-4e2a-8551-8980b0a7bf59
15887697199,107dd058-0860-439b-8fb4-1d8a54cdae4b
22885596715,4cd55185-eeef-40ef-b15d-13da4af2fa34
20846096710,8f2e2de0-6634-41c9-902f-a25ce3422c3d
10816398067,f3f33b7d-abc0-4c23-a0bb-705e74770c46
22900247781,d1c5f10a-f387-4698-a7ce-9ad5454a0015
20820548915,781f5d97-232f-4b2f-9a82-3bba6e436dcf
04884398369,213c05fe-59c7-40f4-8a50-3628a6467db3
13834497659,46053c72-eafa-40a0-98ec-5e41bcd2e17c
16920699492,6055e6ee-c323-487a-b9b7-a182f622ea56
02828098058,1839b193-efb1-4fea-94f6-ac9a969ea59c
18907096153,f4f15a9d-973d-45c4-a467-19506f165bd4
25906596779,46fe1f65-13b1-4d02-bb02-48105e7f8982
08929899475,6632c087-729a-4aca-9997-4537bb99dc9d
12837197218,c5c3314d-f4e3-49aa-b644-68b6336a7d2e
17906196530,099d7cc6-e013-4743-ab25-33b51be364eb
25849598352,bcecfb15-f5ba-44de-9ce5-ef3486880a0e
25836599414,6c741067-3805-464a-b005-84b8270859e8
31856899643,14bd9055-3949-48c3-8cad-45018d47bac8
04828399549,67107027-f4c7-4add-904b-a33a7669c97b
22837996604,a98da378-f0cb-4a88-ae6f-db5e7433573e
12889597702,0cc18fcf-4831-426f-bae4-889b7d8f8a5b
13860498833,bf45ceb3-d950-411b-856d-051f7c653ece
02855897620,934721f3-63fd-42f5-abf0-74802aea00de
13889798577,2061e85f-b2de-4ba1-b7c2-8b2bc62cbeda
18828298751,44583bcf-671c-4515-9b98-4430e029e2f4
16902048212,596138d5-eb4f-430f-a771-35ad3a3c29ee
10881649727,15708ba4-23f6-4f81-acfc-4f23f93c74c7
23869396907,59cc0f84-e205-485a-9cc7-063e419b9f5e
11829098522,a8a189c8-e298-428b-ab94-79917bd81e70
02868199841,f74f825a-0bfe-42cd-9222-79d905634fb7
02854799501,59f30489-146d-463e-b075-9192714406ea
02879996840,4669ab6a-8e7b-4eac-a476-aa2ca2ded50f
31921948622,d0039072-2984-48ea-b4d0-07b88bb659ae
13877297823,769b523d-3dfc-4cc2-bda9-fa8d21f8357f
23894499257,cce75134-f8be-43b3-990e-77aada76394c
17814599485,31106c5c-a679-40c8-a235-70a86c488bb8
25891948509,0af51eaf-1f22-4d47-a064-f1043d753e39
23849298917,927a2932-68f3-4d8b-8e2a-be6c0b40fd40
17831948647,c827ba31-2a38-4e38-9373-2b99d2485db6
23901646848,1ac759ff-ac95-4d53-bc9f-0959ba716aeb
04916096017,381e1ff8-0676-4ceb-b3eb-37b2e44342d7
28925996469,01ca955a-c50d-4e98-82d8-5c4d334c98a4
21885398674,2c1522f4-618d-47af-b945-d7e88a4ae72f
27877797835,7274eb96-19f9-4e3e-ae9b-4ccc78c37b3f
08915598383,652c699b-2590-4b66-bb5c-aa667b0351d6
12878398031,2394bb81-d92e-4691-be93-4171abf26b59
03816599090,a83adb92-5871-4d0a-b3a2-129ec5bc4453
29817298581,4170864e-2824-4b48-bc5e-e4ac9f805d09
13876499767,d64e4892-78fa-4c76-be29-25d29f7384bc
07873248666,b9bb9dbb-e07f-4fce-862a-f868a00d0287
17840597512,b1ae0783-7a37-46fa-bb81-7d42210b8e13
12925999944,f502fa23-de50-4354-9253-64256cba8569
02822946375,342198ac-6efa-4a20-a2ac-4daf4fe0f9b9
25907796739,a90add63-5077-4a3b-9c9c-926ee793f698
24929898687,642d8ad8-727a-4e32-9790-011555aec17c
30893849404,44ce0cd9-b4f1-40fd-94c0-232c8433bb51
15916499067,ce18d162-54ce-4027-a71a-11e52d38cead
21879298242,b857097a-a8e9-42cc-b823-d2f25f29d141
04927199527,6b41273d-f817-456e-bb09-841027e5f82b
04919096778,ad023a77-997f-46dd-a8b8-6cdafd417b5b
01926998745,dd074569-f2f3-48a0-9a56-ec2d1ea7fb1a
14891449802,5e74837a-197c-44ba-8b89-c0e950500ab2
12873549236,bc4edcfd-15e0-4a98-8637-d7ad9ac2860c
13841148724,240e1f38-51fd-4924-a888-2f14fd4cd1a6
03837397803,68badafc-36e4-427e-82db-4d49328adc37
03837599694,3a3964a5-8386-465a-9b1c-d8975f89556c
12901349175,f0154ef0-ca15-4bf9-863e-00adbb6444a6
04849098700,02190196-f8d8-4c35-961e-b6a0340eb4db
29896994164,37499de4-f2d2-404a-9292-b9d647e1b6f9
26889697236,b2c050a6-a905-4c92-a54c-38a16011f85b
04835997206,38e6edb4-6b48-4fc7-a0bb-3488ca16eec4
24848598395,0098a31b-051a-48bf-9919-bcbd1364078b
14896799062,31461aa0-58fa-4c7c-a842-ed54cdff088a
06899798765,e94e0b08-ccb7-436a-88b7-7129dcf5ef02
20919099659,b83c8583-2796-436d-b1ad-a94d7cdeaf55
10823449882,8313c5f5-4929-4a21-9be7-c6bd1a85e23a
16854498510,c09d608e-47a1-45fb-ae9a-a6f29b099b4b
27827098995,2999de26-5be2-4930-b095-4b9cb5d204b9
04864797488,bb5dcd2a-c8c2-4899-bb17-bf3588c7deda
21855295536,ae3a825e-ac03-4ab3-83a8-ee14def0cb3d
20867798847,1cd66b9b-f51d-4cf1-bcaa-048023d05985
04896397945,25a093e0-224e-4460-aa80-f73e95d87742
01874797541,9077422e-98c0-4b97-adca-e26634be72a5
20855895936,da0405fa-ac01-4325-8679-3bcc5fab5baa
04851849926,d664ff5c-6b58-437c-a0ab-08bd224a54bc
11836895519,f5b0ea62-094c-4659-bbe4-974def0c11ec
02906898945,03c6cc1b-e013-4d1e-b944-13e8b9f4b083
14818598506,f9295193-18db-4b09-bd81-1a21057fd968
29924897757,9794e35a-c740-4550-a651-3fcc88881921
01859799856,1b1bc6e0-cc80-4932-870c-f8276883e4a7
23900848277,2a6924fe-e494-4f03-a025-89364468bdf5
18918397503,d2f99bab-6508-4a5c-b610-83b3a63d5990
19833147911,837bab44-92db-46b3-9c4f-4a01a0239387
08870099739,d0955ea0-eda6-4498-8101-7ff78723814e
30904998288,125077a6-45e3-41ae-ae63-604485b2244f
10904999453,1a60f39c-f6b6-47fd-8f3b-fdb94c58cf0f
15915795584,bd02153c-b8d3-4fac-ab76-d380be8cfddb
05860749906,710fd240-027e-4ca7-8d7a-de979561a19c
10812348898,9d90e2ac-3eec-4da3-9be5-cd84179359f6
24922049684,c37e8596-f1a9-47b2-86b8-025ca8df494d
27917899199,9a29a44c-b5a6-4e9c-8774-7b339ce5d880
02927397075,f10c3cee-ae7b-4d4e-9ea2-5cc52df90ecb
28827894798,e57f03b1-234e-49a9-b7c8-01e65ecd1118
03880448586,c8a95959-e337-4409-98f1-959e6bdfb1e2
14841949928,8c130c1a-f2e5-40f6-a60f-a8144643057b
01839698123,91949611-e954-427d-81a5-227feedd0516
05905098391,4ff81b21-454c-4707-9b91-7ebebe37e4e4
23901248109,4135f544-c4f4-4149-9e86-01ee8d7deaef
13816099077,2ccd4f19-0251-4439-b2ae-49a49f6008b4
25890798805,e2ff4186-8a93-49bd-bf53-91db503ec7d3
21917599111,ac702d99-d21f-4b94-ab6d-b0ac2d251d32
25907098470,11554f87-df97-4f44-aaaa-f4962c4d642d
09811948907,73a46b82-86e3-4c70-b76e-13245442adf3
25906499552,c7953fe2-392f-4052-a77c-7abc710bfe28
27921849287,b967cb4d-e351-4716-abbc-dca4bc42ce60
06909498498,dd52c187-2666-4e44-bc30-665f7c179f6f
03912148911,c812d466-f517-4742-ac36-be199734a7ea
12860199988,e858b33d-c55a-47a2-96be-3753e5e83ad0
18847296026,d3e52578-81ac-4e99-8559-016244b25586
15822749469,eb3d4606-8959-4905-873a-3bd8f18c6220
20896498089,45bdea90-1484-4fb5-a0b3-041ab3b584ee
31874298959,4e6d1b81-76c8-4442-a438-d48e30d62ac9
01865397263,b73c85e3-45cd-4104-bec7-02cb975e5df7
01922349688,4012a8b2-0288-4297-b343-036a05c387b1
21838797102,d53e0764-f18c-49e7-9edf-12b19afa1a27
01918698163,fba39117-e6a0-4a19-87aa-70322cb60a6d
23926098969,c6800dce-7335-45c5-85b2-8c9272a8805a
26820398245,0268c8f9-11d7-4ee4-9d19-55ba00c5ce1e
11896098669,661bac1b-f5e0-4dd3-a403-b67f6b46d165
01823548725,d4b110f5-4ee5-4353-bc9a-1e693882c978
04876596518,72725bdf-1f98-4b53-9ed1-bfb117035dca
13813649912,4a1d9822-a792-47ca-a177-36c01fd56101
30874798076,0bebe3e3-8d34-447b-8e14-bdc4a8c4309c
30861948281,379ba3fb-c2e2-4ebe-bb8a-80f085d6801a
09928697786,f07de11c-109e-42a3-8919-c12caf926f4e
19863749231,d42e5b1b-9be5-4144-829c-58cd8b12f088
03825696198,056c3bef-66e6-459b-9cb8-997fec4674fe
31929799413,b136f415-93bf-4cb2-af04-8d10b6e4994d
11840449655,01d8d81a-4d28-4c51-aad7-fb88027e7966
24874296208,046d6683-ea85-49d0-80ba-a9225033362c
18815199126,1b34d727-5ac9-480e-b27d-312768b4b395
09924498363,6f0b76a2-a4a6-4d39-8d1e-fd4480672dff
11908197528,7339c67c-cbd8-4c73-9bec-58c8f6fcf1e8
01897698621,693c016b-1cf9-44ab-893e-115363321c5e
28910098057,4c80ee42-05d8-48e2-b13e-fe6c0de23c41
01851849838,b4c20f6c-7a21-4e38-8e57-b1b25b94520f
28814998241,738d5533-270b-467b-bc15-87bc0b629acb
10848399391,f4e58748-413b-4b31-85ef-97a0934960ef
22814199073,1232878b-2882-4403-bd55-8b3fc33e191a
02885896564,5dc58832-8a9b-4d32-b6af-d31012eb6389
27920399520,34b724c9-fa4f-4778-9c59-bc2aceccf5a9
07875898641,cbb09bbe-32ac-475e-8283-9fd729804c12
13886796662,b08f8cdc-9980-491e-8276-ea35cb3d1ca6
24920699819,b3b8ba4a-dfab-4628-9fae-404672de4f7c
18911049127,fd5be1a7-cac2-4d2f-bd84-2166359627fe
23905899872,b9ea88f1-d995-4a29-9e24-e7677af3e57d
29843549533,0de46749-e9b0-41fe-843d-60c804f7bbf0
01927497642,d391ac4d-fea3-4fed-a301-a076d0b1b188
07817599731,71253f93-5ca4-4676-afdb-e884b86cdca0
22907397460,9dfcb6d3-c561-4e9b-b30f-06a549529e58
29844099671,e7edc9ec-1fc9-449f-86cc-706813407997
24824898274,933055cb-23ab-406a-b849-dda67a60d8e5
28834795738,c0d3b0ef-2577-4dc0-8cda-5d8b39a17a76
03845096758,1221e6e7-b50a-4be4-bfc8-cef8ebad6390
21822548234,aabb9d8b-3dba-42ce-abd6-aa3cce7f3ffc
05873749395,fea6ec30-a371-47e8-9108-56243d2253e0
26908496158,dbd67c1f-6f19-4350-abc5-561af5b4d302
11854299982,69e4a617-eb56-478a-9aa3-c7a59194079b
23881849232,0238acf0-5f72-4099-bb80-d9a54ac7bd3d
31830749740,c7281493-97fb-4416-93b3-b31f845c603c
11913749741,496e8e7a-2334-4fd1-abe3-1442826da7f0
30849599131,82d132af-2ac1-429e-b4c7-8cf87d3d448f
25885799054,bbad15f0-2380-4fe3-95a0-94b5fcb69b09
28847296854,ae69473a-5b21-4cb7-b86e-48166a5102c4
23893248056,a9248415-ab6c-4595-bdce-f4148a2160c7
15863249705,d79a83ca-471c-4d3f-96b3-85fcf6ff516b
25811549137,d784b26c-0719-4701-9992-1e7630e74698
16887899928,65694c08-0fe5-4f80-9033-6018e3e4f997
30885597935,31492fbe-dc89-442e-bc5d-9bb6dfaf6140
21892249862,e50099bc-9d53-4a1c-bc9b-42dab21a33f0
13866599879,776c7956-be6a-45c9-baea-e62534252497
23892149305,2e529086-044c-4e0b-8b82-d38f8aae4cd7
10916298337,bd4a6d67-c95f-4c19-a172-cd2f7df7883c
19833049669,b6b57e91-6c3f-4ba5-9ba9-a198d38a0388
13890198699,ce2193d8-4ea6-497e-aa81-0549cfa5331c
30929399168,5e811e5f-6aca-4683-85bd-dc3995ff13a4
11922848183,595ba7e0-2163-4c70-ad2b-5c63b724c9fe
28814398740,9b0be085-5f8e-4a9a-817a-7887b3173cf6
27869097875,d0230388-336f-4029-8a90-c4c823f268c2
25840347993,b1c531c9-5bd6-45ea-a138-35c7fe527e95
09876699157,65dfb465-b100-4841-b9a3-ef491763a04e
21897399919,3ebd61bb-3959-4f4f-863e-76b077882881
08858699860,3df0c90b-b71e-4d86-8da1-c21d928f3066
22925998293,fdce46c4-5461-42e5-866a-85693c69dc9e
10821949306,7abfb4f6-d3b1-4f62-9798-f4180978db45
18840798700,048026c8-3ddf-4fcc-92b7-333e2a3bae78
21920499799,35fe465b-c63a-418b-9bd2-c1662d9cc245
22897499545,41270b91-0e6f-4d3d-bb61-ae1034637aaa
18871249322,b38861be-a756-4acd-96bc-057f8e004880
26819497345,bb3eaae6-78e4-4145-b0b4-396dba41f253
09856299365,a89483de-924b-466e-968e-b72ecab554ba
26913249703,3e3e46e9-e8d6-4c9f-8f68-980e6218e2d8
24865197604,d1a8ef0f-1e52-4fe7-88f8-2dd5e7ea8310
29830199509,5fa15f97-6130-4dea-877c-237741d582e9
10909299115,023e32f7-58e1-49b3-920c-77e52a49807e
28838997793,4adeeac2-dfe0-49d8-971a-e663dd36f92e
28928196072,adbdf1b7-b590-41df-836d-f3c481e0d659
02819499791,5a995e91-4563-48cd-80a9-69c4e90f8421
24866297572,ece0e845-059a-44ed-a067-9e43aec68a6c
31925498745,c70965b4-0405-4c1c-b1df-baecfd78f989
11870698463,8d0d3821-92ae-4ec1-8606-1a685752c37d
31876498513,f96d6478-38b7-4079-9880-2adfdf63b045
02905898402,bb15b2fb-2481-4047-8957-b89bd0e5521c
17899198689,ad580492-f5f8-49a3-ba50-a6a494110a55
18839597424,ce6f2bb9-d214-44a6-ac3a-e608c19a2e33
23928299902,665a68b6-c470-4f8d-8aa1-4bde0eb37f1f
18897197010,fe7e9a2a-a5dd-45aa-8eaa-5139b43c382c
04814398590,c052f8b7-cc6e-479f-a304-b4021cff5423
19843049225,5a739c43-1455-441c-b1d6-74342e032f97
15834298640,4754f1f7-e592-46b3-a8a5-7b98db0b09dd
07891549517,00b55a50-fa75-4480-8e54-84c6769df1bc
17848299839,a48f578e-d81a-4aac-a43b-437a0873b68b
01857399230,b6fc6511-eef1-412d-a129-051d0710b27a
26926097082,77f40f82-1996-4d4a-98f8-252742deacc4
11920349279,2df50337-0638-4703-8c6e-4634357f7907
22870449635,58e0f08c-3e84-4d06-8240-cf2f954461f4
01911649450,cc468f8c-8c3b-4943-b5f8-1f2faae947e6
02854299436,9ff7f715-1970-4c9d-b8ab-2cec6707d498
10885297698,085aa64e-26a5-41c8-9d84-f9bf2606dc9f
27886399915,529300fd-d1ee-40a6-b431-20ac50d9644c
11825597125,285b59b0-8e20-421c-b8a8-c6c5c8fa5596
02906599786,aba1ea37-9488-4108-a920-385aa0f3b480
10870649385,66d3c273-c1fe-46f4-943a-819c12c34d7f
10925199414,681ea6b6-67d7-4cfa-8b7b-5f96a372d07a
29861049300,e8267318-131f-4565-b726-dd7c7a7bd455
11856397949,12c1962b-ee0c-464d-825a-5f0e01b486f6
28910799381,a1c636d7-a587-4fa7-9668-bef89ebbf48d
19874598286,5193fafa-4596-4d20-a654-0e9a24d475e3
21890799733,74ab8d90-e5eb-40fd-aaf4-4b8eb7cbad9d
23878998804,c9674635-cfb3-4914-8383-100669954470
22896697386,a6b9e34c-1998-413e-a21f-4377d702d26f
02849998377,1a04fa28-8ee0-4bb1-8784-0a323d0abcd2
30865498051,c348845f-ee79-49bb-8619-a5a51a1fd61b
07837098852,2099b164-910b-41a3-adac-68c4a99fbf66
02907499793,5b3f80d1-f783-41a5-a66f-c921edaa65cc
03929298267,fac6435e-c052-4173-b1f1-1b02e3f4519d
04909299271,c647a6d7-3644-45a1-96a0-9007c5615702
15898898951,dd3b3167-7742-4a43-a2a7-67467ff139a6
12900499939,9d57b6a1-78ce-4bf6-bc9e-91f635e6c3e2
24866798199,65ce5027-1c1d-47b2-8c0d-7c5cf70e90b4
10896197261,0babbce4-2c56-4f0e-8131-d6a8df8aa5a8
14858096732,7cc2fe12-10bf-4068-a39e-827b2938bd87
23814696464,ee3107fa-f97d-4c9f-ab41-4196c1d6c9c7
30919799303,ff764a02-66cf-4303-b7db-1f7bbf5dfabd
17896498819,95c8666d-e98f-48db-a982-ad4a9d71f7c3
22905999188,f3314e7c-210e-4d81-aa44-6076e0a88185
11864197517,ed2fbabf-c1d7-428e-8315-4364a924fd21
11855999694,755936b2-9d28-4637-b195-e34ab038c4fd
29920497770,d2cd4042-d67a-49fa-b262-652c2388b6df
25889598150,431616e2-3603-45b0-9157-5f5b0fead943
11834599955,8b7ad26c-3d71-4a8f-98df-1a08e7b3fea5
03850797527,97b33403-20a2-4ba5-828f-711301e15c1e
28858098256,6b426791-3261-440b-8ad8-82769aec5f65
06907799873,35346bac-5baf-440f-9735-00bc892403f8
20888596055,62656a08-ec57-4936-8778-dced9c0337e0
26871749077,afa5467e-a844-4a6a-83eb-f4e105312ae9
24920098343,428b18d8-6fd7-4610-a790-a30ed8c79d03
28844996987,7060f66d-eb47-409e-a4fd-a7bac5d54371
30855899171,35b05a64-5aae-4ef4-b6e5-9a91bf20fefc
08865298251,77ace247-a526-4ef0-9715-f9846653ba1c
29840199256,5ae179cb-0100-404a-a6e9-932bc8897ec5
17876199165,f99ee092-a4fb-46c9-bbc9-f9e862fe5fd4
13837099751,dae4f912-916e-461b-b172-6afe24bd7260
10917297652,0b8757f3-50fb-4d56-9536-d67c02369900
02837396657,1a75fd00-94b8-455b-9d6e-a713d928f369
06868796918,2400626a-aadc-4a9b-9f41-a67169e2f61a
08918196545,6c085fdf-4cf0-4184-a49a-fb7e16538eac
17911047772,52b15f9f-a9e3-4c18-ba3a-c00148276361
25815597314,c2b66f58-56bc-4b29-a543-99614e4dee07
06836897615,ee29778e-ee6c-455f-b74f-60ec0fa6a8a6
12820149651,cc487782-293c-4385-9d73-6578ad083c26
31818899044,cf739d32-493f-4fdb-944d-a55c8a079c2c
21886599509,012064c5-22d6-4aa1-b4a5-973f8e4a6ec6
11914399205,2d614072-7b69-4887-b9f9-3ef46a9f1252
13816896562,51ac1deb-5ffd-4c83-b9a1-a2762083b45e
14878898266,603ead39-9d2a-4b50-9a50-ebd1f6a00037
07858099573,79ae2392-6c08-4e71-b592-de71aa052101
13814897995,349f814e-c767-4c13-98df-a14e04ec6bbf
26863749467,bb499e16-421c-4cde-b6f2-bf4a648ae770
04897697330,a7c2a4d6-7653-4f06-8762-937b6e99e586
02929097745,fc3fbb9d-2d5f-4915-9747-a9e8b7c2703f
17906696959,3d110a69-a296-4bbc-90e4-78b0829132bd
27877197234,eb56e6fc-8b6e-4fc1-b79d-65d88cd4e992
09827199483,b7e0a4e7-66da-46ea-a070-fd2016b326b8
11849399006,6616d022-8f8c-4cc3-9ad9-c97f8e26b235
11908398949,412eff10-7147-4c2d-a1a2-fea415e55233
07887798839,014ec32f-73b7-402e-b536-a65ee2ad73a5
01928397064,a595f6ba-7b6b-4c8d-aa7c-7a7e0b5896a1
15883449646,6959c88e-fbe0-42d3-8946-ba67e98d6ec3
19824795978,5b62d7a2-7c77-45ba-a1ec-bf3939d3b372
25830498721,9db20ba7-ada2-4c58-aba5-4a739971e33a
11880747314,8866c1aa-4c2f-4acb-8bb1-1cf3fe710a18
28919499453,227caa2b-2e9d-475a-851d-9ea69d5b7065
26907799815,d72fe5c8-5230-4eae-9a1d-4f2223a7abdd
26885798542,47e8a7da-53d2-493f-aed5-3100759deb8d
05882749438,ede27a60-b7db-4e5e-af30-77ec943f215e
07847197808,e136b57a-bed0-45da-8cc5-bb8b43669cad
06883048928,dd30760f-cbba-4f65-9b82-06b0d1dd6900
30913349519,01ad2902-45a7-4f34-9bb3-51cee5c5c63a
02832049444,6381fabc-0674-43e7-b49e-2dcd80dc049f
16873249572,beb1298a-e6dd-4783-b35d-76b92a3f7c69
04919097723,03f90baf-89b5-46ba-bad1-8f69fd361798
16924099147,f838796c-9408-4458-9699-2d676d9faa48
30844997759,d9ce695c-9ddb-4952-b947-0351cd385d18
30870448682,46a43992-36da-45ac-afef-3a35231617c4
18916198570,aa689a4d-1ac8-47ad-aa08-e77284d9a1e3
10895998740,699276bf-d434-4326-ad04-73fc18ce0803
24924099492,b653726f-4e71-4230-a25f-fc57710dcc40
24866897588,3b0ef14b-83ff-400d-9c8b-b429efc0dc71
09913247849,c8f602c5-4aa2-4cec-8bc4-54bdd309a50f
27815794015,823b04f0-e2ce-4c26-86c9-e5186f8ebada
06905797997,bda4f94d-29e6-47e7-80d7-f0283bc4fa65
30841449696,7c0986c9-72ff-4f55-93e7-2438da78fe0f
01847398538,3b3950f5-40ea-4ee3-be45-70d958f379b1
28923249771,18d0eada-8fa4-4cca-be68-c2f8be7d7242
03925196737,3c1ef075-5404-446f-beac-a38228b8c62b
21850149078,c5d1cfdc-5a07-474e-b2a8-84b7c0ac1a90
10922248562,7e738d29-b1a4-4a26-a2f0-cf62599684f0
20903749289,5f30fee8-5d44-43b7-b575-480710533fe3
08896598989,aba0fe97-ed91-4768-bbca-e79b432ac5c8
22916396981,47d02ac8-62b0-4882-8c67-ed8611e2adac
12847795717,cb6891a9-4da9-4e62-8dd9-78cabb094e19
15854097714,66b5d6a3-975e-4904-9284-0a91557547c6
15878596827,21ce22f8-e1ec-4bb8-8349-806fe901728e
24846598924,7018bbed-2306-4f1b-91a0-a15c4b90c4ee
11924999391,b40ed544-8e87-44df-b0d6-874e318d7288
27895195761,5227eecc-db64-4942-a8bf-d26ee1d6455c
12818397117,48e5b2fa-0df2-4a32-928d-af367291fe31
20815396341,22cdc99b-9bc0-48a9-96e3-2936b2b42329
11866497283,a07fabf9-a3ae-42d9-aade-09005927e314
17888494782,8bd8b418-9da8-4417-890c-7efe4c845d14
18833548235,75f0a9d4-45f9-4414-93d7-fe206076d992
08862549776,802ce8a5-d06c-48f1-ae19-5ab6578a97b4
04855199179,f0f9f34b-90bf-406c-bad8-eae4612db232
09857396771,c78f1fe1-99ed-41ae-b3be-9a7833882509
10827799276,a1ccc4ba-eb34-45c8-8bc9-7725ba1509cd
27854898847,2864b162-e09e-49d0-b875-3f5a17536417
19924198543,e214df17-1eef-485b-ae3c-15fc715665f7
17855496739,bf92dc2e-0a4d-4c43-b240-b4e0474bae1d
09827098911,c00aec4b-385e-485f-8559-16b87d6831f4
02866399150,d241130d-12d5-47d2-89fd-56c7cf0eeac8
24902548714,3633f33c-97a1-41ac-9a23-aa5f1d9e4d7b
30885598052,155d1568-ee67-47c6-8503-91f76ccb1a02
13821448616,971ec6d8-58d5-4017-9136-05bf77f75eb2
19859698681,3ea6159e-eb02-4239-b4a6-b82286d4da4c
23890097340,fa1e8680-50ef-432e-81d6-b3752c627930
07826198774,b9be495a-480f-4d9d-b061-eb63c5ed12cd
10918198615,ab147ce1-9b17-49f3-9428-31e06bb01a95
17837999766,663d8860-180c-4aed-aa65-7a7f6252be0e
11836599235,cd361f69-284a-45ca-adab-828c094110a4
14906097800,6262cfa3-55b4-4156-94a0-d5f80cc92e63
08849798511,fdd7577e-efe6-47ca-b342-cbe7f9938db6
10870598756,e80cfe67-6bc2-457f-aebb-b34c4dc1f4e9
24820146472,530b542c-eb65-4aae-8188-fac64b898002
10827997116,455c7c3b-6bd2-4dac-9bba-155eb4594126
10811749546,447077ef-a1e0-4ceb-a418-b3efff3ac5a6
28874696228,2c39d77c-9b7f-4e39-8f4f-8562a5859550
19819898734,8304c209-1bac-4c15-ad4b-0afa8c7ce395
20914299811,950bb15c-ca84-4d79-9547-56197375e104
28875998805,a5f00389-40c4-4bc2-88c0-09af3298656d
02877297651,8eda6525-a211-4f27-9667-d7e8e4cfbe38
31925499539,e3eebe4f-6496-4796-b279-fff8d0467392
22867098546,d5d5c970-2dcb-4200-a752-9b62d45f16c4
26854597476,779bf9d1-fcc3-47d4-828b-f24ad7f63005
27903149065,5bcebd17-28e9-4196-b3ac-248f7485219a
14824799076,93aa26e4-04c7-4c9a-ad97-cb7297550d61
31852749434,661073f5-4390-499c-9fdc-8fa22b311fa5
24833947873,e554faab-ae92-408f-a769-2d4f83a47bad
11860748470,287cf4d2-5ac4-4c95-b60d-a759f8ef2a52
05814799478,ad341541-471a-4669-bb06-a844c57813db
05896499159,b85c2dad-d65b-4d72-b38b-3b1de43edc8f
16849499517,153115cc-985a-4472-8ffc-3e07114030c7
05825099621,56d2d1be-e004-4e6f-bd1f-66c678db3773
14876697808,d0e59ee5-43dc-407f-98d3-19e269ba71a1
07815499764,1089eaf7-0168-4aaa-acc5-4abab9ce4a88
13814498381,82a5a1aa-2023-40ff-8b90-734ed0fa7087
22866297766,403f335f-60c9-4b3c-b27d-ade6e3079d5a
22907797868,ecafad1f-91fb-40ff-8589-24866b8b800b
24834798596,213d8dc1-1a17-4353-bdde-b7d27949d06e
05904398901,82e2032b-7c1e-49ae-86b0-b5d676fe7e7d
15891449256,2175e65e-978d-4436-8337-231a2dcbed21
09825898074,e21f02a4-bdd4-40fa-ae52-01f28851d392
17836497147,b9bdd35c-b9ac-4c75-abbf-7c913b403c26
04889599559,eb78c068-f689-4217-8a08-d431b45cb58d
12828598870,6d3b5527-0d71-486f-a709-8d20b8d70ef5
21812349772,678c2a9d-7c0b-4f1b-aff3-81ddf61125af
26849496440,f020cf5e-d850-4077-91ad-3853947ed515
28867097696,24dfb366-5294-41fd-b30d-e6ef9e63ffed
30857096629,0956d6f1-9454-4161-ac6e-fff6e5fb23a0
22814799674,093174ba-ac98-4424-b6ab-b7c3a9edb9e2
31884998975,2f92b4b3-7207-4234-91e9-32a82c9d9542
16894998656,e4a8938e-bc17-4a81-90aa-6e6add6ad277
22886498229,fd4d25fd-bb4f-4311-8ed5-5598cf04171f
30849597120,1496d710-3d5e-406b-a071-322d1e46911c
09816897995,a6c6c5c1-3c58-4fad-a913-bf8fca364b07
04893248639,1d28e3b2-bc46-4dc1-bbc5-d6a3673c96a3
05889998859,d217a996-1230-4630-b0aa-a101acdd1dba
13830096889,c44f7538-2f74-4068-88bd-b560f4ce21de
17869098779,299e041a-93f1-4c3b-9610-65cff16ca61a
29855099851,5c58322e-410b-49d5-b44c-f5b77cc855b7
09810598333,d6962012-2731-4e65-ae2d-52d92eb7002f
10904696272,c180c919-ed44-4dda-af58-a2727b8bb870
07843549866,8cd46a3e-f523-40c6-9306-a5fbab61e62e
09818597212,d3400131-6720-495d-a536-0dea10a22481
09891749012,4f73d299-4f43-497d-b830-dd794ed38593
23872849785,78b384ee-6a8e-4a77-a3e3-021d8c9fabe7
18865698034,6dfc9ad1-f03a-4615-aa06-9ab45deeeef1
13926196736,0191cb21-573c-4c0c-b89f-a19dc42e3bad
15887196300,d32150a0-40ce-4da2-8f8a-b623aac3496a
15834594924,bb9131e7-74d8-4d85-9d8a-93dd2d030d50
07847899411,53f36b16-9307-4951-90e7-586a8b0d9187
02868099901,f41815d7-3df5-4061-a847-1cc36039b951
21857497101,31724c64-5a71-409d-90f6-94af6cb184c6
19872547846,5e13539a-48d0-4d34-b8d5-0ad69ab2b3ca
18909199782,5bfa575f-27f3-4603-9964-e5cecd73fdfe
07868596834,ff873590-d843-4e1e-9bd4-9e3848558704
31872749171,a65db941-a77c-4239-9894-d29280212d55
02816897346,aebdad98-a193-48ba-a45c-914f519fa275
21864799857,eb116d73-6e26-4bb4-b3f1-efb411868ba2
27896999597,d4cba16e-f95a-47b2-a43e-3b5e3e0fe933
04830949424,306a7b11-f219-475c-bf3d-cdec88336079
20871149985,51637154-2282-42a1-bddf-379a3703e3d1
07860599532,ee4bfd05-c6fb-4e66-a8c2-9d68b5336bf2
27889598714,70ee63a3-8d9a-416e-8792-8249101e897b
28896798458,e8f13cf8-589d-4e72-9aec-4b8ea26c9f78
13854199344,4f4306f9-4b9f-4085-9c14-8b4bcc813dac
06825698882,ea7cc1f8-5667-4034-a9e1-5c514d4d99f7
24918996679,ad14c5af-c12e-4b27-8d1f-3e7db15dd246
21866796332,334a5b30-e67e-44ef-8140-a7bedbed4686
05905499310,0f83f2b7-f803-443e-b581-b6a29c8cd7fd
27925398182,ca4733b6-a52d-4bd9-a75c-c023b4954210
14886795212,8ea49a3b-ef7f-416c-9eae-837dd20e3473
16917095543,9315fa88-9845-49ca-a4f4-ef64eadce99a
09895996790,b00117d0-7037-496c-b743-76a1144d8c90
15878798608,c3ef19cd-79a8-4b02-9ea4-c65ca38a2a53
29810147928,b50e2151-4084-4a3d-9e2b-ee767d4d65a3
18825497753,d676a9d7-1ccc-48f3-b5c6-8111b5f2a8c3
10819196694,24bd5084-0659-43c2-aa81-e32e831e5064
09830149977,09c01841-3ded-4ae7-91f4-bd9b548ebbbb
15917695196,3cc99268-4151-4aaa-9768-639a4a394b9c
12874099536,39262649-011d-41f6-bf10-b199f2971d30
26830848125,e47f9478-8b8d-49f8-832c-6e2e37b3e0b8
19919799040,bb852178-2368-4b4d-9708-180e26fa92fe
11879299731,9aa8f410-214e-44f1-b003-07e3734dbd56
18816298381,d2aea25a-fa68-493f-893f-a443ca37f902
10846098599,1f2b6a6e-10fa-442b-aa3c-099c367fe822
28845597997,6c29faf6-2172-4a4f-9b98-7ddef1b2f4b5
23866397554,5690c2ff-c727-45a5-8d2a-db3894ad0e6d
16834698815,ebe912c2-3f24-42d1-8532-afd58f6ba9fe
08815298110,73e43215-c042-4c3a-8e40-da8c9725d618
15877299721,ee9cbb26-d950-43f1-a9f9-8f4116428620
03913649485,9c414dbf-6511-4e60-8df2-6a4566aa0ee4
27855299572,fc2d6fe0-57ba-468b-a679-52ce60a913a4
19826099405,b86f31d8-022f-447b-bcf2-5ab2c65961e1
06898998264,600322a4-7f58-4f25-a941-eadd6b98cc6b
21815195989,9770a3db-a5a6-4506-bb71-37cc5fa3c196
18899298981,62fb6817-ebe0-47bb-90b3-fd2d95a98875
14818397357,9930c049-5aa0-45a0-be46-e7a59ce872ca
11814698698,ba83a7c6-4c32-49d8-8de5-10fac32c9f44
26840599050,ac0740e0-f05a-48c5-8f78-820c65b0231d
10836199656,988de220-9388-4bd6-aa5b-efc30f1add15
13885097078,f26b2eae-425e-4427-aa62-e5bdc3b5bcee
19910598271,632b3274-87d0-4fbd-932a-c1e68fc782e1
10867396891,196842d1-5267-4dd4-9bbc-a01fca53a875
03924699093,6244b5e5-5326-4e65-88b4-33610f6bebda
03844796756,ea23b341-e9be-439d-a3c3-db8d65e0bfef
20896097130,ed991e2b-5ecc-4fc8-8b15-49353992d6fc
06903547713,f9ae5f3d-2fed-4b04-9903-4880cd9f6ae9
09874298686,f6a32668-4e23-4e1d-8d08-ff1dc4f4a4fe
23907196836,ccb322af-9a88-430e-907b-25cfc1d0c58a
11887898644,b46cbc15-5f91-403b-be81-2215640a9dbb
10912449640,5971f8f4-da83-45ea-8fa1-643aa6dd2845
26919696531,fec7aaa5-5190-4f85-80b1-0ce9de321552
01854097969,3e03f664-8cb8-45b9-9f7f-cce9ae5e2fc4
18917898525,f2fb2e6c-9f1d-4336-84ba-1e9c7cb76e5f
07875397510,d3ccae1d-3f00-4013-9953-b7d96f343659
10820299294,d82eff41-45de-4ed4-9e3a-c6d10e5438ef
09913248632,e3bd9616-0f3f-4cd4-9480-3448c0101cf7
05917298108,5f89f28b-393c-439a-8e50-5c481d888859
19826198985,2ee463a0-c76f-473d-a56f-b24b064635a8
06846199851,093e074b-f39f-42f0-9b34-6250c07d9596
19929198312,75876dcf-fcf6-414c-8c42-fb5dd1651761
06927099231,46d90c9d-f857-4692-9945-2b65bcf8d701
09825298301,384775ca-8a8b-4b8a-a01a-024b182daaae
25863748200,9f89292e-fbb7-4127-8fbe-9566440a3de9
19910798394,0a88b4a5-6d2c-4a28-9402-9b5cf8c6408b
27893348285,2e46d3f1-85e5-414a-a4f9-8afad65e3799
10833349509,8605aeec-150e-42dc-8880-30add54d35b7
24893148155,84eeb138-6241-494b-bb21-91826ffdd4e2
01908099970,5b1efac0-95b7-4ce2-8824-fbf149c8f8dc
19866597610,669cb7f4-d5cc-439d-9823-4cb366a49792
22915397070,dbc1d7da-5a26-4b21-b95b-aa54af9ca0cf
11827499252,a50f2681-f374-4f5c-b043-6f54f543eb7d
13814796323,e3a6ede2-424a-4cf5-b944-14a2b30af2db
08906097886,a7b67ba5-b9e0-48ba-834d-c23d456e48be
21821249632,07e36360-a390-4fd1-9e66-5706d9b85a53
06902849244,25b1634e-90c0-492a-8a15-8f8abb281c6b
02835594974,42810eb8-aabc-4f8e-9a0e-7e69b7173591
02878199327,f1d3d560-19b2-420a-97f6-5a473173f97d
27922349059,abcb9be4-3901-4b1a-b9e2-e48f8371eb1f
06827799058,99d36c93-231f-4d46-a0e4-a03c99286290
07906798152,fbf3fb9f-5b99-4305-8f1a-f4a4ef0228ae
18874597534,12f649a4-0033-4f36-828a-31a6a75169f3
16903348708,5ea7e4b7-b78b-4201-947c-90182842d781
08869498115,0472270a-8e23-406c-a209-420af86f50d0
03915298507,01c3a1d6-a5f1-4f35-960b-a8a0f30f1623
12821348909,6bf3bfa3-6254-45f0-97b9-206649fe6bcd
09886099050,2b1a0fd7-5f99-4232-b0f3-e40d27e7baa6
20816095019,613089f3-8cda-4fd0-bc7d-921800a222b8
02925695303,ad3d1e0d-0d65-4e6c-8a1a-62ed8fed7d5d
19896396784,617b71fe-6d7c-46ec-9608-e277baf157ac
23864895662,e630a4cc-9371-4295-b085-acaa3322ee07
03906099801,188e3e5c-1fc4-4913-9e61-cc9a46b2d556
02848595732,fd1d38b0-0132-4574-847b-3956fce74dbf
25907196561,44770c2e-9e2b-4135-bbea-ede95d5366bd
21925297272,7df17928-f838-4430-80f7-d72103b282cb
05907898557,e296eb0d-18b0-45ec-8637-f8f316f42474
01915398126,e3a481c6-26bc-4349-bf2d-8dc32557faf5
06900148710,f59b7214-d71d-4b04-bf1f-aae7717e1184
16845097953,ca7c6b79-a5dc-4746-a79a-2eda0d267b5e
09856699843,55480592-9165-42db-8516-866b4236cfaa
18810848576,16577c15-92c8-4f9f-91ee-045baf279b09
04819999916,1c0ff418-ac7a-4bc2-b66f-c0211d047328
02880049014,b3dec44a-5440-46f3-bbc0-98afde2237b4
26853249210,13351f42-b046-44fd-bf15-b3e7390b5d22
11851149610,228f6a9a-ac12-4466-abe7-04b3a0315498
06853448093,b5baf5e5-2c9e-42b5-a6aa-61b5b996d3cc
03830698662,680d3705-c258-4e3e-a753-5807b7ea2929
01847199985,391ee258-3a8c-4169-93a1-d55153dd9008
16848197878,177936bd-0217-4a8b-834c-8aaa0ce67837
18929398668,44a38b92-2fa7-4604-96c2-1b97d046faf9
27823749436,375e52e1-66a3-44ac-aec8-0baa04ba300e
22860149854,ef55e0e4-8609-429c-aea0-ecf8fae0aa60
22852347256,a4c709c8-0ecd-414d-a1ac-4115a2b78198
27917897501,4574874a-995f-488e-affc-50ea44be85f4
27827999828,0d565b86-b56a-4621-9abf-fbb09738bce0
21920249148,e3ae383e-b69c-4565-a5f6-3c25a689ced8
19924399026,157af97a-70a4-4a66-b49a-9b91a71286eb
13831847896,f4703452-9d03-4656-b6d4-e314c3d474e4
15857497187,449f3655-a615-437d-8f42-c73978511f1a
27844699447,ea5b3cc9-87d2-46e7-8ed3-c83754e93d0c
27824399919,0bcbba1a-909d-4241-9515-473d5820a668
10837896997,982430fb-32fb-449a-8ac3-860bb196a166
06811748534,10c025ac-d1b6-4eb7-bfe3-f27d5ced4ecf
10816796372,593c4774-9a80-421b-8d9b-fab9b2998fbf
09924796305,82ba7b84-ca6e-4c5b-94b8-96c1a8c91bd7
07918496488,0a4ba6d4-9c29-4fdc-949e-7aaaf33f2e5f
13888997606,0ecebf29-2bdd-45f9-88b7-c3cf8c84b108
08904098613,48e3f2a1-09e5-4edf-996f-47b018e40f9a
02882047736,280d69ec-4954-4945-9e71-fba869ad4232
26881948639,9082ddf7-1e2e-4574-94a1-5a82b9bf1c81
13855297625,6767e3ec-bb6a-48ce-8182-93c760274cf8
19862549190,ff21ec50-d2bb-4953-91b7-cfc912ce07e4
03811449287,65bad5a7-1ac4-4e23-894f-a8dec834c292
04859497204,d0a33214-7fe5-4aa6-9c27-d419cf5b5d6e
07911248799,7dccf641-ba10-4383-9d4f-94a3fcb12773
23828197185,d40c4d01-76e1-4985-9284-08fad47e265b
12827097126,fb7b1d47-4ee3-4bb8-8ff0-797f8caeaf2e
12818099418,a9825e10-9b47-4d3e-bd77-fc516d224e59
06928098638,f7913905-baaa-4e91-83ed-bdffde5e3de7
21896599418,ceb075b0-ac1c-462c-80c4-9c66238e1d79
10906896694,fef6a12d-f836-4359-89bd-4ed83f633ac5
09923949957,e0e5e2db-5b5a-4548-bf00-182102761c72
07870749621,255689dc-e4b0-4c00-b6fd-d33289bfb1a2
04887096460,16807300-6d53-4a4f-b757-a6e093e67b67
20924998459,3257d58c-6a75-4521-9fc6-ff30f617c9c8
10816099655,c521ceae-f9c9-4a70-8117-0a714769a454
03893049885,ffb2f270-76e1-4e5d-b8ee-092d39012aa7
19810549427,1ca24125-fb86-4de8-aa36-afb2ae73dabc
26895698783,216deba4-b7ee-4dd1-84fc-c33c51597ec4
29924599462,73c34dcf-c2ab-4a58-91e5-a7a08bd0d962
19846797915,61d51be6-9e69-4a03-927b-df11d789a9c2
21849899314,c91f0f39-f86b-4994-b0fc-15a220e349ba
02887096492,c9d4b81e-3608-4a8c-9f9e-7f76fd891f3c
30929499693,6a2bab9e-b306-4518-9149-63120dd441f5
30888397392,ceef0016-e609-4354-abae-25033bac383f
07838998768,527225da-f5ff-443b-af0e-b9ef93ebeee3
04867097436,2dc7c9e7-7a96-4fc0-9629-66b045db5985
30920299527,cc83ac4c-f392-4efc-ade8-2ccc402e29f9
30924898085,273a0aff-c47d-40c3-bde3-9d8fc900c780
23910148826,8b02a860-c99c-42b2-ac9d-cd4fd3241d07
04881748091,ad568269-3360-42fc-9f73-040d06158b41
21855898427,5a00a704-7150-4711-80d4-b15828233d63
05858798819,2d1f180c-d661-4d74-83d3-9430f4fa5c3d
22924998850,167342c1-5633-47ef-a50c-980daac10e78
12848497612,e68b7a0a-109b-45e6-a99a-f6b6db418539
04877198230,601562f1-a192-4c7c-885c-b624a5a6ce93
20829996430,68c53726-ffa0-4aed-b407-2c2d524db457
28829896674,547b5db4-c967-4b6f-a84c-2f8b99fc76bc
06888299384,a49ab909-e84e-436f-b84e-cc0fa23eb465
28928499334,945ba8d9-abe3-453b-9d3f-fc19d5e2d980
11866099210,e9c422ac-bddd-47ac-9e75-13f3b249cd43
31870398614,77ead35a-afe1-48b8-9f2a-c02857177700
13901549065,b16f93ba-125e-4c63-bb8f-32349837ac6c
22917498184,8d69adf9-100c-46ac-829b-8bd6772a098c
19880849177,8c9ef0b4-4e7d-4631-86be-692c54536d43
20915999361,0cb7cada-c4e8-45e6-b390-c3b282234e11
17820349083,01de7131-e16a-4f72-9114-b82ad650383e
01816197976,1523f9fd-42bb-4c14-a6d4-b5fe76a91580
04867299136,c24f212a-863c-4424-87d9-0000488d2c05
24854599166,2ba54936-3f0d-4c57-ab2d-458149d123a0
15896699838,433a5068-a0ba-4dcc-946d-28b2436a233e
17819198497,76cf461b-8db7-4d11-aa5e-fc9484a49cb7
23853849995,d0388ab3-42af-4e59-9bcf-d9e803d9fb00
07904699130,3fb3fe89-a8bb-4f12-9396-e2f9f7ea351a
12892648849,2828d144-14a6-421e-87f3-145d84169588
13925298144,06134d5a-ac8f-4307-bd7b-3dc1c4142c0f
26855799951,ff3f4367-e126-424a-ae9e-9105afaa4524
02881049719,63adbe47-9101-43a8-9624-cf35c6c016ae
08818197552,4174950c-b7e2-4b59-b47a-eb5117580e63
04852648886,9f0ca4a5-3944-46c4-98ba-4c6c6bfd3774
14820297815,545cc3c9-bf5a-47bb-b400-3d77d9716b38
21852248332,10307cf8-3719-42e4-bcb9-59214a838b21
20913547145,2d86d4e0-2f6f-4eff-862c-ecbfd0aafb7c
29929298061,6979d2b1-461a-4dce-b2ae-9a288c7680f9
01867998876,321bb99f-aa88-4907-aebb-60a44c525c35
04825398347,24eb1205-76f4-44fd-9f39-36434b3c8058
10817299887,2a39225d-043e-421f-8f12-06f6e44780f5
27876199640,733389c4-4d23-40cf-9165-0f363bf7133d
13918999978,853ae614-f08a-4bda-8139-1ccc630b4ab4
10838598620,877e455f-fdc3-440e-a99e-224a460eafbe
28832149774,1e0f3973-f674-4a43-8363-4763025eac35
14858897816,443df410-c3d6-4626-8725-517ed48857fc
30914098714,7731d0f1-50e5-4652-8214-47dbc976eba8
13855198589,845b6355-3e7f-40b0-a6ad-24c88eb6f780
16916196834,6d4e84a3-ba75-426e-9cdc-8a2c8ab6278b
17872149805,711670cf-b55c-4ef5-8187-18661350e182
12845795337,757c5152-f6eb-440c-9bf3-96e9bd57005e
03844999835,19db1b2e-9783-42c2-a160-2d9858622008
28906497559,5dc72363-b61b-4924-8ce3-aa1887eb4979
24885698200,aa4496c3-9b09-4ddf-b3d7-594bcfef0ad8
25827197478,81800ae0-dcfe-4ef1-9290-7213a69cb196
09895896184,d09716e2-6232-4287-827e-ba232145a8f2
10826099564,f7bfafa1-b068-4429-b7b4-5887b9dd79ba
04840598328,f843740a-c575-4c92-b67d-7e701e81b60f
21868399705,3c5828fc-b4a1-47aa-a4f9-cab855c9824c
18828998354,3c191af3-214c-471d-a052-ba41a469fbb5
25899899744,41474826-2c9a-4453-ac09-8d885f6a4b7f
07857998124,51a9d9de-35f4-4658-a95a-34c86639eccc
29897697600,60d3e5fc-f00b-4d53-b45b-502f1d6a6f52
03854098992,67b51b30-8649-4f06-b7ab-0f7c87818194
09901549432,c60ae7d0-1ea5-4ea2-9123-4fc51e7ea250
08817199373,ec22ff69-8b33-47fc-9486-ea3673b8bbcc
08882748732,df291229-0035-4d44-ab7f-dd66723afd49
12821049669,154fd2d1-2a07-49ac-a9f7-71e7c415db77
24825198004,b0dbbf3e-71c3-4f1f-8769-f8160b23f2a2
22851449330,4d96a988-b175-41d9-9595-9fd738ed7966
25873549648,8a8102b3-3381-4042-a7be-d196b1a63222
21834598970,8756cdb2-1894-44a3-a978-43e2690a4dd0
27816399713,54d2799a-1111-4919-889f-107f712479f1
10825698243,cb0fbafa-68d1-4531-b1c0-7ed00a3b30f8
25848499601,74fbf436-1ace-4b4f-93a6-e0d17b820ed0
19819699596,e302992f-9abc-4266-b2b0-cbfebfa8f5fe
21879598890,2d8b069e-d1dc-465f-9897-33f8bcf8f0a1
22920599153,e02989dd-462d-4689-8ec9-9a86bca440ab
15888899089,5707aa48-8c63-4cde-bea2-898790295783
08922048704,95a05a3c-146f-4ee3-8841-2bdff52825a7
30876099566,5095a84a-c325-4818-ba09-82c394435d6a
18817297354,cb1fc320-e337-4613-9d5d-6661cc8fbbc3
22882147103,62d23a62-0839-4969-8b5e-5afb05ecedc6
02810199957,c145c7b5-f499-44e0-910d-5d9a01d34393
20919298201,48bb9668-3aa6-45f0-ac68-c86878819c36
31882949012,bb74c537-f657-44a0-8a39-4555a851a407
25899299496,d359f4a5-2bce-4e67-b243-dfa462e5f4f2
13820747938,eff9c877-cc56-44f9-b16d-321f51049cd7
29848797780,62e46f49-fa5a-40f9-9ac0-b182a832f9e2
20917997730,ee5864e7-61d8-4d49-8a63-d133629d4818
21918998753,335227c9-36c3-4be9-9c1a-ecc950f97612
23855396904,36551b61-4cec-4c4f-8d9b-ed3c0b2baf42
13927397166,439c9cff-53bb-4785-a666-2e9377dba50e
13825597799,73364179-7c8e-4374-950b-92984a9a2023
27890299763,61383254-06ac-49bf-b19e-67f28169b2a8
27915897717,2e466a01-2333-49cf-b23f-d4ba5866d1b6
12870099361,39adb33d-fd5c-428e-b28b-5b24f6a0cc94
18834098101,6d81d00d-d686-44e5-b69c-58de9a7c756d
17890549640,ab013653-c122-4ca6-b2a4-eb80ebc6c267
02885999037,a7d7a05d-0941-4e99-b973-6e645c936d9e
11857297956,7c489c65-69ca-4793-9340-224400b27630
18841949974,aa6711b0-6ff8-4f80-ac79-7476576e9a21
15829296923,9f55044a-ff13-4134-b773-79a4d0d07206
02815999420,26d778df-6979-4d73-b648-2371eb71617b
16900797846,19b786ca-28ae-4dee-9383-6678c74f10a0
29878099573,a2138424-94bc-47be-b939-f052b1327bc4
14882349587,b1da3941-4030-4ce7-924e-02d7ab5b7e93
18866697007,02b5a1c5-4775-4597-b5d0-d6140a6675d8
06880099246,291f9b51-dc83-41ff-b90d-e309559c00ff
21884995857,e197a705-ae21-4522-949b-b2fd213e0697
19884397793,3379ff58-4d06-451a-95b2-0b6220e53b33
31813849766,855a49d0-fcff-4730-b4e1-be90ebf1d77c
14905398467,d0da1f1d-c3f6-4070-8003-328bdb17c6d1
01832549157,494e50d5-0134-4a1a-b3b7-d49a5a8b1570
24813849026,48ffbb41-95c9-4e9f-a963-02f283a92406
06905497772,8702a32e-fd24-4e2f-b612-bbe9da4f8943
22904696130,7d12cc3e-4725-4eb3-8afe-ccb87a9a4ffd
30847798161,a8dbe5a4-55d9-418b-9a9f-3179b9f48a6f
29926094295,45532b81-ffe0-43fe-a4d8-87310fa65bfe
12824498766,5a276a32-8838-4e0f-98bc-ac43c1dc9c4a
25926996722,bada3987-1dbf-4744-9a7f-16463b6c83e0
11836099755,47fc1ee9-e484-4d83-bacc-9620329ff150
23899299922,936b3160-3347-4b8e-bba4-bbbcf2165a31
08847197413,6c35c4ac-ec11-4796-a63c-780d380e9ece
11850299627,732cfa43-06ac-40c2-915e-dbf1d1f6739a
10929398675,7f94189e-120f-428b-bc9f-41df515ae738
01871648901,643380c2-d0bf-446a-9ca7-dd561a108b22
09853649330,bb552d33-4bf9-4165-80ee-c4fcd1799d13
06872849317,2eb1b1c7-b3f0-4d8e-b4c3-da637ec6a270
04845298578,2d892e84-9d45-4ae3-871b-67783a340f85
16873347906,2a2d4b1e-a420-48cc-bcbb-a0aca27899aa
26915499472,73114924-70c3-4fbd-8912-b21742675117
18846799563,7534ec0c-ae31-49a0-8a4d-6641107f415d
09856398169,31582b75-ab81-4dd4-a477-da4bc62a02f9
14907196985,e4aceae3-3c4e-4ba8-bcf5-ef686b6cda39
12835399557,b5012719-302f-4d62-a9cd-5f256830d8ec
02923749538,77901680-ea30-4052-a6d0-1457401df1ce
03878696203,5c193278-a82e-4aa8-9822-17e71c5a7d1b
14900499907,b918c715-e49f-4d4b-b92c-1da1782c7a32
20833649370,a80b52a4-c11e-47a7-81d9-c306976a3e15
09846094870,99feb9c9-5bf9-4845-a499-a68185c2c6b6
09924298089,78848929-4b42-43d2-859b-9f18ddcfb0dd
19812749172,9c6bb302-5dea-4cb3-afb3-aa22204b06ba
28914697958,77f80c1d-4318-4175-9466-2c1b0ba3c49c
22914498795,3ee0dd63-09e2-4bbe-aadb-9371bb8c92d3
18927499920,9b42bc49-463e-45e1-9f3c-89d051f1b5e6
13841749604,40ebc938-d25a-47f4-8ca0-bd52a4ff5ba4
08898899439,f2ced779-5263-4c03-b00f-a1c4b1da135e
08893648578,b90d2ae6-7b5c-4c75-9b66-a437597ece5a
02859996941,ea84ed4f-1b20-4bbb-a60a-6cdd3d391abd
17854099884,43bd1ebc-eb0a-42b5-9640-7ebf82d77f8e
29885396656,ec1e2e98-2a45-4593-948c-c8ea8907d989
22810497436,6f294736-d63a-44b3-8289-67d5a3805ea0
17872148930,cd044570-8e45-4ff3-afce-04c0c3bc27e3
09835698022,83bbe817-63a9-4c9f-90eb-25501bdd4e68
27834698744,d6f9702a-bc78-4088-9819-b70f47c13a6c
13873349314,493e3607-1dbe-419e-a3f6-4ee45c0e839d
19862948532,ff39839c-7945-4c26-ad8c-9e10e96aac1f
06890448745,c1ac0a0a-cc96-432c-a0d0-9d29733ccd03
17897299275,238038e9-a036-467b-b603-f569721e739c
05829797226,75e65dc5-4917-48fb-9f78-7bc8bf66052d
21864699674,b4ff325d-fdc1-4f6e-8526-98b9c58e3671
19883149710,3288f0ce-29b9-40b2-9dd6-558c57aa0a70
05858599328,675592db-7b45-4852-ad13-a9950b3dce10
22822749341,bfddfaba-f49e-477b-a7dc-e196ea72b454
01907097265,76caeac1-3dd7-45d5-a836-735c96c9c73d
21838298173,f38aa86c-3ad5-4876-8e32-2610d0183f51
26895498318,949bfddd-cd52-4d7e-8ca2-3bc6ddd0b845
19903548838,13bad71b-6868-4887-8099-54f2077914d1
09905098095,9c83e8e3-8f57-4f4d-8ff4-281f83cc42cc
04849798303,91506d71-9ff5-43dd-b1a9-ac7c6ac49180
03810098243,45afa188-72ea-4dbb-b09a-22b11f79d231
05927599882,5ce0ba07-35d1-4066-a668-4de70ccc10eb
19884397602,96538243-24d5-4ee1-b6f0-46a7462ab01d
15814997046,91adfd70-a3e4-467d-9cb2-5ba736369049
24919899723,113f1266-6c40-4269-a89f-a1e4638bb684
12906296576,cc3044b1-5d1f-4e62-b4a3-0aeb61f43d65
06898096104,8de72689-0bfd-42e9-a9b9-f9b2a6ef4c73
31874498990,baf7e18c-f40c-4e39-85e5-4363cf3ff68f
17836696476,a9eb4887-2b2c-4e63-a0a7-0ff620b68c9b
13814796919,ba24b8df-be11-4818-87e3-4fc045fb3cd7
11832446140,08964cfb-68e1-40a9-baaa-dc6cb4fa86db
01821648528,947b2dd5-47d6-41d2-9030-c892317fb182
24820349551,8a834165-635f-4607-8ed3-a081399db29c
08820598203,793af6ce-14c4-4385-ac71-32cca07aac4e
14880499999,7012f7d7-b7cf-4eb4-bab3-0cf4708352b8
21837597223,5cf4405d-8c9b-4eab-9776-d94b2312e0b9
16847997978,e7f760c7-f2fb-4fce-ab7b-1b4c132ffed5
03900398769,c0006ce3-83b1-40ee-b95c-76a2ae207f53
21861449715,cd0cf321-39c1-4fa2-a0aa-61d22c8fca7f
07866298917,eb0d4ea4-1e07-40f1-b54f-2bac786c5948
09817299676,143d5971-fe4d-4a5e-8f75-557d060c9037
08874895181,388ef5ba-ea34-4d5c-9441-ab301ae5fd29
12815097422,55a5a02a-41ec-4e00-b0cd-5146974322fc
21914696272,8612a336-4b72-4fee-be47-bacc0d5dd6e9
28812848927,80ea60a4-aa26-4a5e-a38c-0f806cd9f2bb
29914999365,cb3d78ca-fde7-4bce-8007-e85f6cc6333d
18913648729,a7870bdb-57bd-4f38-a6cb-59c41f4625ad
10846199565,57fe2b7e-fb4e-40f6-bb49-8ca4f4e7d168
17929699203,b8f31c86-295b-470c-adf0-70047133a3c3
13916896772,3cc0f417-ec16-4f8e-890b-229ff4933c24
05881549710,4b26408b-ebb6-4f25-853b-62a5cf3baafa
02886996775,46a9ea9d-5e35-4844-971b-378ed6fd8483
06878096981,984b69df-6abd-459e-98ba-48170abf10a5
01877499827,41f7712b-bd3a-41ea-850f-7e5566391a0d
03815199412,595f9140-cc17-47ac-887d-77f7034dc150
20852448920,47c25387-d4be-461d-b073-2d897e6cc1eb
25896095962,7c79a0a4-d876-4774-a4d1-de50eadc17b2
24834898507,4fabc7ed-4f7b-48b4-972f-a263b420e8a1
19903149577,2c1ac627-c03b-4534-9660-1ba3dc64f731
11929197536,46565373-cb62-4542-b0ab-d9e0123c5e78
21872749524,47b76e5d-46b4-40ea-b394-b1bcdee4f360
28919696267,ff5d3b93-37f5-4d99-9219-b20e23d22e85
08815296967,38167a1b-ad16-449e-98f9-82388a75958b
21820449999,16288cf4-bd20-4232-a473-c3a26f86a365
25824697488,2cc4eb07-9c64-4abe-bce3-6cf804f800f9
13816296980,4723135f-da3b-4b7c-8dfe-9a16ce31bcec
21883549934,9eb4e06a-0b79-4c8e-921d-b3d7e1efd441
25863748472,6d88272a-5d60-46d1-b1b1-740065223738
25900749956,1a69b85c-e453-4ad4-90f6-a662d52bd57d
26885899276,adfe8281-5ffa-4c1e-8eed-b262c74b0b4b
30864498619,a57b4655-7612-4088-9e6a-12dd1bf29d00
09872148938,a7af32d3-ad72-4e25-851c-bf664b67ffe8
23835199282,1c690e6f-9f41-4967-a696-ca27f3191dd7
23855796120,9f387fc2-0ba5-4d19-820a-ac0446ca5c21
06926996205,bccc7be6-a304-47b4-91cf-1afbd2ada8d3
04866896904,cfcf6ad7-647e-4bf5-b139-6434e2f0474a
25867697937,3c8bc055-2bb2-4dce-9c06-d1efe9ec3bb6
26839698908,72641d83-6833-46bb-b74f-cc4884cf2b6a
11886699125,97077cf2-461e-4f27-82e5-431f0b109dc3
12907598649,1fc0ce53-7452-4f91-9036-7baa4b863c10
02897599867,467eb5f2-5bf8-4dff-9255-60aed9cbe227
16898097726,5322fe7e-3d05-4e7c-a642-3e086f0a4307
21896497496,5d5323cf-24b6-4398-a3fb-093edcff3035
02867395671,f939a892-14a7-4f80-a916-8bf03051c273
30813948520,708b2456-4c6b-4068-8003-17ec72c3cb9a
16862648572,4cdf4b50-00f5-486c-a5b3-614dadec4c72
24906796933,975ca6a3-0fc0-4d87-b70f-3411e93d17dd
21812149730,a7b42420-15ab-4b55-a93e-e414c7fbd87b
06828498159,887c5f76-b820-40f2-9187-25ec3608cc18
08867799096,826dd058-f202-4923-94e8-ffa48d0dfbe5
04915999609,76f00d65-7b4f-4def-be97-6af5a2b175d8
23835598543,318ddeb8-421e-4c6d-8c00-78f3893a68e8
16914894550,41231629-3951-4a6c-a272-2c99f4ae366e
23821848903,3ce10906-8b22-447b-92fd-0decfb59bb16
22817897669,90371d44-1e3d-475e-b168-06bdd674e15d
04917398009,8e0ddc81-466c-4058-8470-818e07a9fd10
01867498458,9759c06f-1f81-42e1-972e-2a32d48b6652
06813349491,e7da09ba-0ca5-4c1f-9b36-34567f38d2c0
13899499721,e65cbed9-d691-4ffa-9960-b28c82914c2b
25889498806,0cdff8d9-92bf-4629-b3a7-090979624c41
16899498783,5381341a-b72b-4068-8c01-aab322c1093a
22844199558,3f0c5e28-f926-4043-9230-a519154caa9d
23874899593,d3273934-558d-4481-b504-1f054f9161e7
27847197698,12f2a895-e7a2-4239-89d4-224b83deca1c
07893349027,af3160b5-af3a-4570-90fb-d1cde318304e
23924596643,c2bdfcf1-cd1a-4236-a386-3ff84fd483e5
02814798839,e52b42ac-7d0a-4175-b1c8-193c80622987
22826596884,bd80052d-2045-4556-aa3a-5940868dde93
18924298363,601018fa-0c0e-4a68-8d7f-0775b2bf0b92
03876398477,a5d648d7-21e0-4c0c-a867-ea3bab9db484
15820349358,f1f53e30-96e3-47e3-b357-c35b7116f192
16859597355,32bceb0d-f5ad-4aa5-9cc8-24d78477f7c9
04903349048,cb132e51-dfee-4419-8f2d-9ee58a65881c
25896897678,d3dbe626-e9f5-48af-9507-b62cf30d634c
20818398175,10044949-49ed-46b0-99ad-397a1ef8befe
03905096493,e5cdec06-7902-4032-b571-c8012c1d2f02
15882447364,6d65920b-dc59-4458-b024-3052d01fed17
15886098453,820f6bf2-4fde-4b11-8b21-0f338c8805ce
19856098934,4f06fa5f-9b93-4e1d-b1a3-cc99ac419378
28818699923,409ec9cf-a672-4143-9c45-577492a83243
16810848417,dc2a5d4e-153e-4294-bb8d-da86cd6b169b
11810649617,6fddac94-6fb3-42db-a838-e6b0906de32d
18872649596,d7d40a53-db8d-42cc-aebe-4a303e577b45
11854798326,2dafc276-c0e1-4200-9e2e-06e63cb81c80
18818297978,c4bfa3a7-8a7d-4e24-9441-4e5dc0518ca4
11837899054,468011f7-b525-44f0-aab5-bec8078d6f7e
29815696911,9a3df911-719b-4d9c-93c2-ec560b439ccd
29894697464,f59c82b1-b3cb-48fb-9d7a-14ad0ace6c13
