ssn,userId,partyUuid
09839196625,4548194,539892d6-29f6-4f70-a120-16ed05bee7d3
20892949779,6713281,7678d82c-f516-4d14-8bae-ff8f82ef4480
18889599223,6969878,84b64d00-792c-414d-bce2-53a3f27877a3
02819598757,5745208,40db56d3-4225-4c43-a036-50716c146c2a
02871949797,9492059,2793b876-3411-490f-a3ea-b2895fc361a1
13854799279,4654120,049b6b71-5e64-4f7c-b724-4f1ed41b13dc
11856996818,6158332,57c10388-f685-453d-bc2a-6ec740cc00bb
04812548129,7808952,b33bfc55-cfad-43a5-a5ce-27c3fc5d008d
13867498820,7672844,abbac838-424a-4185-8978-df3e3cabd2d8
17837197708,4539674,ab2dc715-4437-4abf-97de-5ea10007270e
06824498308,4964262,15bf2cad-a658-496f-9ddc-caa35a1d408a
18818798918,6441698,67690405-84d4-45f7-9d6b-5105fa493032
22825897198,9088117,f9e1dab1-2e8e-4153-ac57-9e8a81c755fd
22889198846,7335220,98fbbc42-6f01-45a4-855e-fa84a8ae0d86
23888897747,4545500,b529da8b-e462-48dd-a0d3-41a7436ac7d4
03819997895,8340261,d0a182ab-0a8d-48f2-8176-4645ccc14f8f
05877797815,9153482,fd7db326-8de2-4055-a623-5445d3f19e96
28858096911,5939764,4b9a79bb-2909-46e7-bcaa-19828785212b
30839198546,4927158,13b4807c-6fd5-44a3-9647-92a263371cb9
06896195385,9228683,0ee212df-427b-4e82-8d07-0e53807aecfc
18848395958,5101622,1d4d9854-438e-41e6-bd66-14793d98d989
17840147525,9703796,87a86e1a-3573-4c80-9cce-e25850e7d1d2
11886296357,4547526,f250a3ac-fac7-4a9b-bccf-232c9960cee5
17859296629,5080614,1c260084-4afa-4301-aaea-73fe710eaf9d
06824698420,4826378,0e241ef2-6977-419a-939f-fc4ed2e3ee81
05927194831,8312407,cf182c8d-8d88-4d9a-947f-ba825b52977e
28894898331,8219561,c9f44391-8ad4-4406-bb24-82fcf76fb883
09918297127,9769348,359fb688-40d5-4763-a201-dd0e92cc0909
30928798077,4561147,ef982077-37a0-445d-ba59-95cc874a7f73
11895798748,7162545,8f66a375-84e2-44cc-b282-f722471d6d6f
06918099512,4759939,0a786919-5c3b-4a80-b119-acfd6d41e469
13855699367,9074680,f9242351-a43f-42fd-8f49-bae47473c060
23889099658,8819464,eb164323-e2ca-40dd-a6c1-cfa1755905f6
16848899139,6059667,5242639b-5972-4bc9-bb08-a3ebcae9515c
03816198738,8864225,ed928f98-89f1-45c3-982a-8150fa276a1b
11894997887,5938351,4b8734df-2d1b-4a86-bebc-f2082fcf5a03
05856897747,4679507,060303a0-f295-4429-8f94-65c438a551d6
30815695905,6963672,845dbc22-6865-4d49-887a-2c415fcf4fd0
20896999533,8299370,ce619a20-efca-4f06-beb3-5da07bc64731
19852349088,9520542,7badf66a-6e60-4274-8ced-ee6db9f4938e
08820848323,5067262,1b686830-b657-456c-aa18-a9feb8a93a7b
13827898400,5155564,204a9273-252c-4a3a-93a9-e58eeff3bc8d
16908997046,5921317,4a945d45-b14d-4f54-8357-f7610797de7c
01846897891,5648517,3b763198-07b5-4096-8d37-653cd3ae9c3d
04858999958,4796656,0c8171c5-dc0a-4fe9-b528-745251ac1b62
29835799636,9549215,b953a1e4-08ab-45b9-9b24-dcc636ee8271
16900649065,9703330,7f9142f1-2542-4689-93c5-e90cb7662a1a
07834199178,5869245,47b8772a-db50-402a-8548-51f1aa48384f
02885198034,8092311,c2e44e57-941c-42ee-8eff-2ddda0bbbf09
01841048845,9643164,bacddb1e-f05f-4cce-a7d7-6e330af5f5d5
03895697183,6266957,5dc3daa4-f049-426b-b6b9-a3c6ba76f29a
06883847596,4519488,346f870b-8f5f-42c0-8438-ee6287108307
21929899978,6958852,8419122e-6be5-4380-9d63-7c24fec3685a
19880549467,9710739,5d3e00cb-76dd-4bc9-9e23-ff19fe2b09bd
19905198834,6319011,60a34944-ac1c-4971-b9ee-e2a373fa7165
08832448991,9679782,f5f32693-b114-45c8-8bf2-09dea24677eb
02841949474,9660275,149fb38e-95e4-4232-8737-0d0afb6e5738
14819999482,4534147,d9a0af52-599c-47de-a51d-91dbe7ea81e0
07826899756,4520532,5c9ce618-79f2-43f7-b594-0111d928215d
16854897881,5028607,19484e63-7bf1-4639-bf9a-ccdea49de0f6
20854198786,5901797,4980544f-aae1-4f85-a0f7-e9af4dd796ae
27829898808,9730370,ca7fc5b2-b7af-40ae-bd1c-223fe4fe7d83
07865295094,4899815,12338c44-faa6-4654-8c08-a3475a5820ee
21816695578,8117496,c44a2ceb-b709-4fc9-8a53-ebcb4991f919
08844798580,7195567,913b37ba-0d62-4e78-91b7-db3466b7aaff
15847399187,6278961,5e6d60c9-2d51-489d-b40f-cc4bc789f165
10816996657,8283459,cd80831f-1711-47d5-8e61-e0e80f27dc58
18819199058,8239277,cb0ef901-93dc-44cb-9866-3795f672b28c
21868395955,8650432,e1c11ff3-571c-45ea-9191-d9c707067231
18849099945,5006909,18163bb2-5d29-473e-bc91-1684215bf849
27849699488,9733140,71b4359b-4c01-4c01-a5d7-fb30e5ece626
16903149055,9701302,e213e8f0-c67d-42a9-894e-5af4f0ee5e82
16831749702,9512761,85cc219a-fd06-4cf6-84df-78acc3224c13
26819798353,8795565,e9c15144-9d2b-4d08-b2e5-f3da8fc1e42d
09866797177,5927129,4ae85d84-5f80-47bc-87b6-395e4f5515db
30908899810,7494617,a1cc31d6-daed-40e2-ac6f-8fccad2e3042
25907097172,6182188,591451e7-ddc6-42a9-a5c5-3f0cc0325163
09826395718,4546508,09d37e63-3021-47ef-8b21-1dab15cbc818
25825197411,5496708,331526b9-bfa2-4f4d-8cae-ad62a5fead0c
18826199306,8899985,ef8ea647-faea-48e8-a63b-1844b78e5512
03905998381,4551001,dddd19be-c67f-4278-9441-211a7824383d
10911148795,9693172,3b940c96-0504-487c-b647-1ca750ad194f
06917097664,7248802,942e2f37-4ac2-47f5-ac9e-2a66e0a5b381
09924798316,8899973,ef8e64be-4711-436b-8062-0208ef7b482e
14869599469,6455409,6829874c-cd10-4426-b129-ee2e7653997c
30869298537,7307159,97711fe0-9de7-4048-af92-6be371a8c401
12896198376,4556498,c870b068-a5bf-4aad-977c-785db2035c86
12844197576,6055080,5200fef7-36ad-438c-8750-159558e7a631
16926996014,9200696,2bc144ea-fdd8-4e09-9906-c6ba22949ed7
20919197316,8985203,f4392333-5192-4749-b465-5bc92a0c5128
05867896114,7800548,b2c6df93-a171-46f8-9b6b-d0c1f331e307
21819397772,5741076,409f20d2-b18c-4b3e-adb0-156ec0d2c301
26922549132,7152904,8edc99a5-1be7-4506-8b3a-ee44a399c46c
06900197940,6431462,66d89ac5-07a0-4556-b951-e985c5975cb9
15886797262,5601503,38dac44d-83ee-4242-8e6b-248d73760b4d
07912348738,9676594,62fc297b-6ef8-4e97-9496-7f359c976656
30877797852,4560410,7ca2a8a1-c1dc-4893-b814-c21bcea21827
11852048915,9692629,b62b10d6-09d1-48c8-b324-2fedfed80d1f
13827699939,4584744,00c26189-a1cb-40ba-bdaf-ad2794ef314a
07914099549,4521927,3acc3518-debf-4769-bdc9-2137e0e9fadb
30819899890,9741831,91e6e5a5-e81e-43cb-9c6b-d0c9e73ec544
27835199067,9755489,02be1433-4f9f-412f-be7d-a5c9f238a0d4
04834598774,4540545,aacf5a12-b449-4687-9b3c-3e45ba88b798
17848897167,7807262,b3243878-58ef-4980-8998-030c971df016
20915098852,9522032,6c74b14c-c6d6-4f4a-86f1-5af64f65530f
21818697454,6102639,54a65668-a7cb-4064-9405-265a849646b0
05886898691,4503493,748818a8-416d-4c10-a092-cae9c3897248
17897998327,8658331,e2311c2f-5345-4feb-8ccd-15bd65189401
16857495458,5428822,2f5e4432-70ab-455d-8327-24e7b22bb8ec
12916699253,9157253,fdb428fc-ac4f-4ec0-9783-32e683fdb0de
20829596890,8382348,d2f5ae37-95df-4215-a185-1cb814d36c62
10928297085,6702345,75dff7f4-9a12-46ba-aa6d-561312d2fef9
30857397718,5648574,3b770858-d1df-4171-a000-d546553ed037
18856798093,9102434,faab58a7-f4bb-4f68-a38e-d799cf040074
20825697501,5366087,2bed543d-7e79-45f9-b82f-705f7238e977
12866498197,5641281,3b11b42c-8fea-4f65-b934-1372c80567e8
05825598318,4516573,39b7cdbf-8636-4435-8b08-4aafbfa8f0e6
16828198762,4745534,09ac1036-f2a3-4918-9aad-346c6e4be82a
17847196661,5438963,2fe97d99-9b73-406e-9ca0-6283627791a9
13855897126,6652875,7320896a-324a-4650-a252-ea619288a892
30862449947,5660276,3c1df0ac-7fad-4a56-906a-62f5763e8dbb
26816496305,9193221,ffb51734-8b53-43ea-a74c-9edbaa4c3e41
20905697308,7994169,bd7a226f-f605-4324-bd0f-e12a8d6572cf
20817198962,4544981,4935fc5a-7081-4254-a0c5-322240702e4d
18889097228,7684452,ac5f98f3-db4b-4e87-99e9-99a41c33c665
25836498448,4712068,07d02768-ad5a-4e15-b943-85a5a2dc8225
14829096871,6243223,5c7169a2-7425-4168-b13d-1e46da9be4ee
11810299667,9072064,f8ffd63c-40c2-427a-bc8e-ea5def193d9d
21874098199,5261370,262422db-8f79-42b1-aa69-bcf16cde544e
13842949402,9701726,79651692-f04c-4934-b3bf-fc32bfdfc139
19826999716,7030431,881471fa-d67f-4a5f-a43c-31f40450c770
06818396722,5299975,2844fe52-32a0-40e8-b73a-50029eeeaac9
11843149849,9516080,aa4d61ed-99e0-4d47-973c-4710c5366d29
10832949677,8157272,c67f0c26-300d-4cde-a2c2-75552b7ec15c
15887697199,8285692,cd9f2a4d-6882-4547-9dbb-19732bd7dad9
22885596715,5830919,4595f225-876e-45cd-8389-e0941205eb53
20846096710,9049597,f7c2745a-594f-4519-8ddd-439d117d363d
10816398067,6702418,75e11525-701f-41d1-b450-11cab62cf1c0
22900247781,9723130,9fe83ee6-4a75-4893-ab2c-2e048e862927
20820548915,9708841,4054b389-0d51-4db6-94c5-2cb2e2189e63
04884398369,7021750,879987a8-fa6d-43db-8ab9-408ef02a1f77
13834497659,6030337,509f01ca-8acd-42c3-8254-b551aad868f9
16920699492,9298827,2343f805-dcce-4ae8-a944-cf03e6a7262a
02828098058,6343229,61fa6540-e1f1-42e1-8f4c-3d2f1afbd252
18907096153,6935569,82cca157-1d87-43fa-ad62-e0aec56e359f
25906596779,6297069,5f6ef56f-61b2-42a6-9b81-1057d58250ed
08929899475,4524251,92e9a3e3-46c4-470d-84a3-054388f6c3ce
12837197218,6099683,547b6309-690e-456a-9dd3-83ef8c755e7d
17906196530,6623432,717c6010-f8a2-49ce-8a80-7a849c2d1e91
25849598352,5561412,36a4a486-0876-4b27-b5b1-feecc28433cb
25836599414,7186954,90bf9700-1e9a-4186-a25d-6f930b353db4
31856899643,6345748,621eec32-5eea-4b3e-8864-e6127f3b608a
04828399549,5225430,2426062b-a3a3-4413-9494-25a6b80b1cee
22837996604,7170254,8fd428aa-687c-49fb-8ef9-a1ebaed7731e
12889597702,4531543,37c122b3-aca1-48ab-a6ae-1e5b9d18dbb5
13860498833,9275427,3c4ae595-96b1-4631-b745-86dc795eba18
02855897620,6839931,7d80e0de-a745-4227-a07f-f0332c473f02
13889798577,8119870,c46b715e-5d12-4f51-8046-5adf1d2998ac
18828298751,4563338,945ccc66-368f-4091-96fd-3c16a3482c6e
16902048212,9701612,933d861a-d5db-4a6c-b42f-44ecf7119a26
10881649727,9503404,a07c4097-5a2f-4d3f-8c62-e394e813f465
23869396907,9228713,be150523-a5d6-438e-8332-a9c377b0e526
11829098522,7832141,b4846a6b-8e7e-4222-bf5e-642b706358f9
02868199841,6390325,64923424-81c5-4b4f-bde7-9f77a9990b55
02854799501,8107465,c3bb2f92-f8a7-46d0-9cef-0dc2cefb6078
02879996840,6259222,5d560c43-3925-4404-a67c-500ffd69fd58
31921948622,9544736,a2d32b0f-3500-40c7-845b-16cc145ae8d0
13877297823,7610645,a844b463-48f0-4d70-9ae0-91bc93b98723
23894499257,9749954,195e61ee-5fbd-4e34-a123-ea74fecbbfc5
17814599485,9746948,38dab281-4753-4550-8eca-66bd3a49b5bc
25891948509,8690708,e3f911f0-cbc1-4291-9dc1-cba29b2028b1
23849298917,7710725,add26e74-59a2-40cd-b36d-17ea15c2f721
17831948647,9520628,40389738-ef09-4f6c-aa28-53fa7d9b7655
23901646848,9504270,f3250464-85e8-4f38-b516-7a4312a10515
04916096017,6293652,5f3eae7f-104f-4c9b-98d8-38591efa776c
28925996469,5594875,387dcd64-ab89-4b92-b0de-d6784681f747
21885398674,6103297,54af132e-ec9b-4185-b490-004c0d47e41d
27877797835,8621251,e023aa5c-41e2-48bc-8978-5f3e73423971
08915598383,4523995,323d9687-6e69-419f-98c8-ac106e6dfb3c
12878398031,9282811,f847ec11-1db2-4fb7-94da-5455ccbd2e55
03816599090,4917224,13271cea-788c-4b12-93ea-2f615ef40a55
29817298581,7903321,b8747044-7a0b-4626-97fb-45babc4cd567
13876499767,7784810,b1e85b9b-d046-4f98-b4be-8b4204e2ad34
07873248666,8302109,ce8755f8-8ef5-4a06-8a8a-a1ee06cd38ff
17840597512,9247675,7d6184cf-77bc-401d-a70d-b8f3e25e5b5c
12925999944,4532070,de0aad31-2aff-4dae-9829-4d2fd0fb9ac8
02822946375,7443849,9efded41-8d6d-47ed-9adf-cd9ed0ad86f3
25907796739,5885493,489be7ed-0d11-440d-a416-49acaffff7c8
24929898687,7098613,8bde1935-7ba5-4f86-a264-1a8ed3bd9f9d
30893849404,8950087,f2503704-4dc7-43e4-bcd0-a3e67585dab9
15916499067,4722388,086258c5-68eb-4bff-8f6a-3e2d6c19805c
21879298242,7183572,9090790d-d1e3-4383-bf60-c9398dcf40dc
04927199527,4877344,10f4fe27-cda8-4763-8fcb-92c98df41c6d
04919096778,5069434,1b86c4f9-d97a-4dec-bc74-91a5aa4a942f
01926998745,7668312,ab79c2dd-5752-4ddd-99c9-2b96c57edfa8
14891449802,9520155,2fa57ab8-c742-4260-a398-4fcc23288c99
12873549236,7330562,98b9d778-f858-4a94-ab80-4d4752ab5795
13841148724,9508808,41ba1f2e-2dee-4270-a3b5-707dfef56cee
03837397803,5374748,2c65c73e-6d4f-4b93-862b-401045126e28
03837599694,4572957,001a6cf3-19bc-4139-b84c-07c146ec168a
12901349175,9690347,86e1c720-c5ed-4150-9f5c-4ecbf842273b
04849098700,4514988,cdf73d56-3443-4740-afb1-19026a9409ed
29896994164,6141285,56cc6861-c6dd-478c-91a8-f3713a8d7cfa
26889697236,7936824,ba518c2d-9891-4e9c-ade9-60ffefdc9336
04835997206,7285301,9636abb5-091c-460f-bb89-542ea10f26fb
24848598395,4935360,1427ddd5-310d-4d58-9d69-ac16fe49db89
14896799062,8420495,d5122a2a-17fd-4d26-b182-8e6461c305e0
06899798765,5684724,3d7a14af-e74a-46f8-83ce-5f3c56ffc0a7
20919099659,6635547,72284bee-4e91-4659-85d9-ae3aa83c0911
10823449882,9745614,a734b6f7-9313-446e-aa08-9b90b01b47ba
16854498510,6738859,77e53fd0-a6ad-4b23-ae74-7b8873c1f824
27827098995,4811718,0d582b33-4321-4c26-9126-45d5e0a8e31d
04864797488,5060046,1b032f18-3672-432f-a07d-26cebf90e715
21855295536,7717776,ae361877-8989-462c-9a89-dda6e55a1f39
20867798847,6155120,579329aa-5e11-4792-be12-b998f5c19ede
04896397945,7189631,90e66876-1879-45a9-8f75-d6fbf338497a
01874797541,4705645,0774e2ed-68a4-4c24-9748-4e0463a57c30
20855895936,6203476,5a4045c1-bde0-4a7a-b2a7-1e68cf04d221
04851849926,9666557,1198adcb-b072-4a6a-94bd-b6bada848fc9
11836895519,4550864,ebc552ba-79c0-4b33-9e57-18731dfe0a2e
02906898945,4512018,95f1f2c9-3f98-4e0b-9501-23143d1fab3f
14818598506,4648113,04460b6e-0829-409f-affb-d911e138c505
29924897757,8496159,d93c7c88-e63a-493d-8c20-3768325ebff4
01859799856,7695115,acf5780e-c4e4-4d0c-b975-1a548e61d609
23900848277,9538658,0d133abc-0721-4c67-9b0c-94c1f7b4bf2c
18918397503,8600634,df01a592-7756-4819-9d91-d19b4078cd87
19833147911,4538733,b352c8c8-af35-46f5-840c-3417c7015be7
08870099739,8915209,f065525d-c64e-4cad-9fb1-bfa2c5419bd9
30904998288,7747308,afd716ad-bfab-4e62-8680-f3915068fdcb
10904999453,4527790,1af250bb-5a56-475f-83c8-5a34c7b8fc61
15915795584,5088772,1c981ade-7fdb-44dc-88ef-5cfc3a097a25
05860749906,9668492,705f8750-5d91-4f24-803e-a984b57bbcab
10812348898,9687123,3177b436-c918-4fa0-be1d-f48993ba433c
24922049684,9729225,ab1ca0d6-5e19-46ff-b37b-fc48626f8640
27917899199,8216848,c9cdc09b-5cab-4ed9-b9d2-b67cffa6f677
02927397075,7080135,8ad77b84-221e-40da-9454-b6a92cf0f129
28827894798,8214349,c9a96746-2279-432a-baa8-18fa1ca5cc68
03880448586,9664161,4cdd15f5-0ca8-45a6-b2da-9f7a48c69a55
14841949928,9515025,aa3fbde7-ab80-4540-bad1-2b6852088b22
01839698123,8231604,caa119e8-58ca-4988-b66b-74cff41b0c30
05905098391,5766523,4207be10-50bf-4817-a0ef-adf2ce447b7c
23901248109,9722035,7faefccb-af2e-44a4-9275-98ae395ebf30
13816099077,6230607,5bc1932b-8b7f-422f-8ba4-17aa69198aea
25890798805,9272476,0f2ffc3c-6770-4d6c-bf7f-505a0d637727
21917599111,9176908,feccea75-704a-4d84-a157-ca7a003ed91c
25907098470,8871696,edfb5db5-5a20-4b81-a5da-6459d73fe354
09811948907,9678901,183f3e32-fef8-4f58-8397-afa20785f1fb
25906499552,5155626,204b8810-1b0c-4db0-9eac-aada9db68c04
27921849287,6362388,63074a73-a70e-4500-90f7-c3adf3cf4ccd
06909498498,5915449,4a41b48d-db8a-4465-b8fb-b7689bdd9250
03912148911,9662271,6d7523df-aed6-47ca-8995-1d2ded307b3f
12860199988,4693215,06c6fc14-a938-4ae4-a5dc-1dc615d624d8
18847296026,6327582,611d3cd3-d7bf-4beb-a5ea-2999536004b1
15822749469,9696687,0c3539e5-427b-41d6-a9aa-ee2ebafaea42
20896498089,6707480,762909b7-aad7-4988-8d0d-81fdfbbfd3f5
31874298959,4505095,ed3da90d-181e-4d75-a33d-3f5b4d4053a9
01865397263,6648354,72e11e72-d4b1-47ec-b66f-7fe80771ad3b
01922349688,8889833,eeff943f-46e5-4b8e-a231-a009293fa43a
21838797102,5253420,25b34654-7066-432d-8f0f-9401afbd896e
01918698163,7864280,b64a140d-1189-43e3-a816-7a18c80b3dce
23926098969,4543927,9b6d002b-c838-41a0-a7b7-1e1f9d24b7f6
26820398245,9528500,7831ec2a-0e88-4a35-91e4-1ea8208b885b
11896098669,6705112,7607330e-3a5f-41eb-a268-e91f58c5dc2c
01823548725,5837229,45ee95f8-40af-4f9e-b57b-944449b7506b
04876596518,8633511,e0d11722-0d35-4dbc-a4f0-20053a2f8c48
13813649912,7795904,b285b59d-e8b8-4415-ba56-2a1dd9619733
30874798076,9506955,b8b232d4-e02f-4c89-9b73-12ad6ebf7c1a
30861948281,9741988,18b91b3f-5ab3-499d-81de-b65d67c15982
09928697786,8780729,e8f23104-3519-4469-bcd6-3c5a8e46fd6b
19863749231,8982449,f413c8ce-e346-4d4d-b430-3e82264feda0
03825696198,7966987,bbfdae31-1d54-4381-b8b9-fc832479889a
31929799413,7654014,aaaefefc-27f9-42aa-8d2e-5243073c2d27
11840449655,9690180,972a6c7b-49d9-4341-81c8-db2cdfaa7458
24874296208,9500693,c45f042d-d36c-426a-8ec0-497366a95036
18815199126,4965744,15d3f281-d0f8-4f84-9d24-b5d968f16faf
09924498363,6049312,51b00f97-8b90-4102-a742-7eaf3e543ee1
11908197528,8051830,c0a97240-8c18-46af-a199-c03922df9cb2
01897698621,6962197,8449862b-0f7b-40b3-9abd-e68bf787157f
28910098057,9734337,f68792a6-2b49-4af9-9706-781621de8e6f
01851849838,9648148,bef9d753-2fb2-4ac3-bfc5-890e94460aee
28814998241,9739348,6cb11799-4ebd-49ee-9d19-4dc2297d7776
10848399391,6797270,7b246b2e-b72a-4f86-91a0-46d2c4cff42a
22814199073,9714089,47c1bf3c-b85d-44e4-a885-1e8f8a71c02d
02885896564,6983263,85755207-c600-4a43-a9c5-a26389545e4b
27920399520,9529604,8414d215-073a-4095-9316-5666f058b0be
07875898641,6882684,7fdfe150-c915-45fc-bc24-1b1f09a5f4f0
13886796662,6431390,66d77b37-949b-4fc8-8fc7-86229c54acec
24920699819,9302334,a1bbd8ff-ba55-4e76-918c-ef898ca4b29e
18911049127,9512585,ae2930f9-3672-4d3e-8045-91f0896f4966
23905899872,5935697,4b607d0d-079e-4020-a59e-c550e58049b8
29843549533,8718259,e57d086e-5a41-4630-8cfb-4197d294bc3f
01927497642,7841998,b50eee29-2d01-4463-877f-b07f9e5e3675
07817599731,8174151,c76efbe4-2c9e-4030-867c-37c05ec4afa2
22907397460,4684579,064a82b3-95da-45ba-850d-8f7772b2622e
29844099671,9542001,8584cf5a-4b31-44d1-9df5-8c798d1374e3
24824898274,9756229,192c4373-9e2f-4fba-bb38-5ee04a2ccab0
28834795738,7087537,8b406063-fe7a-4e42-97f5-2e73da573f87
03845096758,7603208,a7dce8d2-2bea-4be7-a926-32031914f305
21822548234,9715637,89a1ea85-489f-4955-ab69-8f3170fe988f
05873749395,5901120,4976dee8-f3ad-440a-816a-a4c746c7a2d5
26908496158,6085344,53ad4da4-9872-4cf5-b422-4be8fd86fcde
11854299982,4810727,0d49846e-5241-45f4-b79e-35af330b1207
23881849232,9535954,668525a1-a6e1-44dd-ba7a-7b99204a97bc
31830749740,9536865,c4801501-aa14-490a-a657-bc0738c246cf
11913749741,8315855,cf470c02-1c75-49d1-aa61-3263af3bd7d1
30849599131,9502037,833e1cd2-6ae3-47cf-a910-c8bcdea57199
25885799054,9755813,eb7b3d7f-ab95-4b5d-9bb3-ea21b2b6c379
28847296854,4550378,5cf8a8bb-b4f1-4f5a-8cb5-82a257e40ea1
23893248056,9544476,a4136f56-5624-4ea0-9e32-e53a2a3f7a30
15863249705,9013713,f5cada8c-52a0-400f-81ae-a00a2e478f56
25811549137,9538938,5e53eabc-3f35-4c73-ac96-b4cbd9d7a11b
16887899928,4843202,0f10da6b-99e3-4ee0-a846-1ce22db771a7
30885597935,7849044,b5730508-73db-432a-bd47-9e46ce9b5f60
21892249862,9494829,6c9c47e8-e7f2-40c1-a5c0-8ab3b04c2ec6
13866599879,6371361,63870aff-1720-4e17-a35f-e306cbeb77fe
23892149305,9724934,e5a95f76-703d-4157-984d-6d8793881e99
10916298337,8798665,e9ed4dc1-d4c1-4bc6-8e1e-e8d4acdde5ac
19833049669,6331984,615b0dd5-9fd8-4bbe-bf4b-9c780abd37bd
13890198699,7842839,b51a3aa5-5416-42a5-ba9d-dd394e81708b
30929399168,7511279,a2b7bd5b-90dd-4334-8e23-da1bfb245305
11922848183,7719371,ae4cce12-7ecf-452f-b506-e7aed249a01a
28814398740,8178689,c7b08a36-124f-4227-b067-e7395fb3d936
27869097875,9771195,a3679e2e-96e6-43af-9a31-4284d754070a
25840347993,9732760,15475657-8dd9-4543-8efd-dae3c8111744
09876699157,4891023,11b72467-d87a-4c61-8244-3e94ca91ac01
21897399919,7686618,ac7d5579-2583-40c8-a03d-2a0ff179ab55
08858699860,8273872,ccf9f063-4a8b-4a33-81df-76e1665616b6
22925998293,5352227,2b293041-eaca-4a92-8a1a-297a53791fc0
10821949306,9518293,7e542331-742a-41b7-8b11-b70d801f9946
18840798700,9255127,7b6ad85d-9816-4a5d-8f89-4131a4d62a90
21920499799,9299556,7713c674-3b72-4c95-b770-767efec2e9c2
22897499545,7034922,88526125-af46-4862-ade2-c643be02ac7b
18871249322,9491109,7753ea11-4fc7-495f-b5c6-6a57daad47be
26819497345,5394404,2d7943f0-3eeb-4974-8092-b5a131a8f995
09856299365,4567824,9fabe11e-f177-4a92-9cd9-5f2ef188e11f
26913249703,7752741,b023acdd-45df-4b83-af14-19279933d779
24865197604,9494899,fdc70e34-dc71-48e0-a2a8-8bd8a91e057e
29830199509,8855558,ed1666e0-546e-42f8-b265-8471ce532d82
10909299115,7458136,9fc7a1cc-1cd0-4065-84cd-a8d62e320754
28838997793,5410453,2e5bbcfb-4da4-40b0-9f2a-35bd96c5828e
28928196072,9231473,b149ec3f-77f8-4ea1-b086-14b32c3543b0
02819499791,7821264,b3e9117e-56aa-4608-a685-d66aa02d1e52
24866297572,5047135,1a5079e2-2ced-407d-a298-9f5e68fad640
31925498745,8775122,e8a26f93-384e-4996-b2ba-2c30902e1f91
11870698463,9113105,fb41518d-d5d1-4f0e-b904-60f8850e0115
31876498513,4560222,a8370957-bf8c-407d-ba1a-950a68a155f0
02905898402,6601439,70434cb6-7306-40d8-a2f9-e6a62eae5089
17899198689,6233216,5be62a69-91cb-490d-ad36-ce0bdc3f6b03
18839597424,4730877,08db0366-99f8-4747-be54-0bacce210869
23928299902,4595799,015ee3f7-edb2-4dd5-b30e-c8ba1aed43ef
18897197010,4880235,111dcc75-df35-4d86-9016-cfe695db723e
04814398590,8519928,da8c1df7-9d1e-45e9-a42c-4e6ab4639434
19843049225,9709308,40134ebb-94e3-42f7-b018-6601a55d498b
15834298640,5575734,37722858-8239-4be0-a0b5-4757583f8a15
07891549517,9676889,17f21c66-5799-48d8-8695-60715ed71860
17848299839,7760111,b08b88c9-5e40-4c3a-8858-c728878ff4cc
01857399230,7420563,9db484f3-c8e0-4465-88fd-535c84c6ccfd
26926097082,9545844,2c803b4c-4147-4a52-8f5f-4890d2649fef
11920349279,9687812,2d38ebbd-e41e-4fe2-8ba0-0f54ef8144ac
22870449635,9518741,7c7cef0d-594e-4742-a6e7-4c796546e898
01911649450,9648566,bb7efa07-b058-4abd-8d5d-15d7f07408aa
02854299436,9020740,f62d907e-e0b9-44fd-a93d-ac5d25450028
10885297698,8379958,d2d403f5-0252-43fa-af2e-dd0b89437939
27886399915,6459896,686881d3-ff6b-4a92-afe9-0393b0194b76
11825597125,6314130,605db772-4258-42b4-a397-ddca3328c4a1
02906599786,6526136,6c1799b0-61d4-44b2-b4c4-8f878f1957f4
10870649385,9519536,7626ea04-b3d9-47cc-a7ce-3ec7bdf50b1b
10925199414,8222524,ca1efa5f-4fc9-4e9d-b384-c64bc39c3454
29861049300,9741327,cae155cc-f278-4617-bfa6-3020b3c4ea0a
11856397949,8031207,bf85a5c4-8e1c-4289-a6af-90d0f9dfbbc9
28910799381,9237232,9cc42c4c-1c1f-40a4-951e-cbcdcb6eefaf
19874598286,8662323,e26953b3-b973-4be8-acec-bebb1ea21a41
21890799733,9281953,38cdbe03-6ee7-4aab-9eb6-25049031d84a
23878998804,8134541,c53c66a2-c165-420a-8ca6-2a712b2e15db
22896697386,4801588,0cc77ef5-a84a-4e30-b42f-23721bbd5c69
02849998377,6846854,7de3a2bb-95cb-4a2f-9fc7-22cf258966b0
30865498051,9501317,f2be115f-40c8-48db-871d-b927c85ebc1e
07837098852,7672475,abb4f579-4420-442f-adf5-1671c1f7e0b3
02907499793,4512033,e8f7b095-a53a-4a47-9e5b-0f4c1e6126c7
03929298267,7945961,bad5118a-2820-4887-ac42-294a98fc6268
04909299271,4515964,c6614354-3377-4516-bd68-680a89907575
15898898951,5824068,4535282e-49f6-4715-8299-dde448e7138e
12900499939,9290742,fc22c66f-a96f-46e3-b799-79b402bc10d1
24866798199,5870014,47c3d51a-883e-4a9d-87ad-0b84241369bc
10896197261,6010741,4f89cd75-79ef-444c-8aca-d03ae57dc14d
14858096732,5414353,2e936f86-3e3d-4cc6-8ce6-daff181b27a3
23814696464,9523445,38e8880c-a232-4866-81ed-adac823ed16b
30919799303,9744101,e7b871ad-f93b-45c7-aa6b-b876bf8886b8
17896498819,5917254,4a5ace94-5d24-4d47-84f4-31624ee7cd60
22905999188,7097167,8bc9d3b4-e84c-41c9-9858-f3187a248432
11864197517,7321746,983f87ac-2a9c-418f-867d-5f1abae5278b
11855999694,9015395,f5e253a7-f96d-48a4-9f9f-c5aef66a6f83
29920497770,9741928,cfa26f28-f544-4791-a72b-0f9bab46d300
25889598150,8101550,c366fff3-3b0c-4dda-b351-6a91940d09c0
11834599955,5165144,20cf6c63-d933-4b6e-9c53-7fd9d9c36e5d
03850797527,9263811,a6b51ed0-7787-4a40-9476-7cbfc737498b
28858098256,8857369,ed2ffb36-8888-4ae6-9644-3d03d7e9a590
06907799873,6766308,796a8112-99ce-4082-ac94-bb2594d659dc
20888596055,9230738,1a152a8e-1581-44fc-9dd9-183292ae08c4
26871749077,9730066,344923ca-b3c1-4fba-8694-3255f119b826
24920098343,5987871,4e443b87-80ac-4ead-ae09-3f232864c5ed
28844996987,8916110,f071d129-19e4-436f-aa4d-9034ffd4f79c
30855899171,5814146,44a954be-129b-4829-a450-fb713317e198
08865298251,7405828,9ce50477-3b8c-43e3-a7ab-28891148ef4e
29840199256,9737484,fc74938b-7e4e-4ae1-b48c-84368fd6c10c
17876199165,4554678,cc2be653-4dc2-4c00-9d78-40f5ba87293f
13837099751,4532588,6fdaaf5f-8e19-4a61-b972-5ff582bd94f1
10917297652,4563047,06f1d046-7e35-4cde-9a84-1e860db008ac
02837396657,7871207,b6ae4d8f-e1c4-4e69-96b1-4aa27cffe023
06868796918,7546301,a4adc89e-2f74-4a1a-82e4-e6fc1c2e42f0
08918196545,8413608,d4b2bdb8-3e55-4301-bccc-223da5e9d497
17911047772,9496666,141a61fd-5b92-4f70-9f4b-ee61f14ac5d4
25815597314,7647915,aa581d12-08f9-49bb-b5b5-00f942ce3465
06836897615,7781509,b1ba2c97-8d70-4418-b87f-f6e8374917ef
12820149651,9744473,b80c8b98-a3f3-4542-90a0-401587f6f266
31818899044,9314041,6d75da87-b972-4a18-ae47-b8af314f1979
21886599509,8308922,cee7a8bb-fa9d-4411-b907-91d22e592179
11914399205,5452426,30a32ac9-018f-46fe-840b-9dbf7e651958
13816896562,4502210,b5764f2a-89f7-4dc0-b656-ec9fed0e1aea
14878898266,6562775,6e2019dc-18f0-454a-b5de-d68057379f85
07858099573,4521031,a3562180-555a-4a33-b8f8-aa7401558fe9
13814897995,4501853,aeda0f3e-e967-418e-8698-dd8b345f922f
26863749467,9729876,28472044-5fe4-4c20-b87e-89fcd4591d73
04897697330,8975730,f3b57bb7-923d-4e40-b738-f990077302b8
02929097745,4512354,6578fdd3-9ced-4c6a-8307-ebdb2037396c
17906696959,7957233,bb7365ad-1a94-4aa4-8798-8636febcae2d
27877197234,6120382,55a37780-d457-45e4-802b-74bd043acce4
09827199483,6057743,52268e4c-51de-46fd-971c-45b1742953c7
11849399006,8918406,f0921a28-98b5-45e0-a8c4-1e114c340488
11908398949,4568808,d1966c6b-7b98-44b4-a8e8-db821a6a7d18
07887798839,7573617,a6340d31-0870-40e7-98d1-d08edf9e04ac
01928397064,5644142,3b3953a6-f8cb-45a4-9926-5c318d550d50
15883449646,9528083,26befa02-a4d8-440c-a50d-d255013b48af
19824795978,5085622,1c6b7816-a6d2-4122-8b9d-58b3c28b166a
25830498721,9313281,ed8ba468-dd50-4b98-81fa-90663521ad0f
11880747314,9501156,eb0dece1-1ccc-435f-be8d-d308d35cdc45
28919499453,6952798,83c264aa-4e11-49e7-aebc-bc978bc0bf02
26907799815,6267710,5dced504-0f96-470f-b451-74367a8da390
26885798542,4541114,feb3d7b3-9c08-4b76-95f5-20c7ebc32cca
05882749438,9668703,87472f5b-2ded-4c13-892e-4c6293d8792e
07847197808,8921737,f0c158b3-6bbe-4d54-ba50-7dfb5b086948
06883048928,6250755,5cdb8374-22d4-4a5d-bffd-5f438de94828
30913349519,9745161,6e072f38-bdf7-4d45-a453-9482b122889a
02832049444,9659700,6b9ae822-6d45-4ac9-be25-1bb09f3a7f1d
16873249572,7109678,8c7b19a3-8aa4-400b-aa4a-4120cd13254b
04919097723,4516131,000109d6-33fc-4134-98e7-234ac4bd9851
16924099147,8620031,e011867e-822f-408a-bfce-428c7a67c903
30844997759,7911885,b8ee9041-6d10-4d0f-953f-cc4fb59bddbb
30870448682,9533261,62ba8624-6214-48f7-a8b6-72c2204b38bb
18916198570,8515957,da5259f9-2067-4f44-ab4e-4fa4807a5a47
10895998740,4859289,0ff49e94-e28e-4b43-a293-023d0f78a1d7
24924099492,9515117,73bfa79d-d544-4477-a3cf-596d7efc8285
24866897588,6394470,64ccf4e2-98c4-4435-8019-36b867245d3f
09913247849,9496496,2ce65c89-7c68-4eb1-ae60-1b61079eb97d
27815794015,8978580,f3ddf427-4bed-4599-ae73-d5359c4a2170
06905797997,8124011,c4a958c4-dd67-48d8-a9a9-a97f3ed58615
30841449696,9742644,1b141a2c-b5e8-414a-9d55-87e3d02fc20e
01847398538,4560379,2729dfc9-c8fe-4e7f-ba77-781c484606d4
28923249771,5695202,3e0f0264-59f1-4529-a29f-91d6d12ead50
03925196737,8906476,efeadcd2-ddaf-4d0c-b55d-f6ab0c46528d
21850149078,9753872,948275dc-c655-4b7f-8097-960179d1c94e
10922248562,9690937,d1e921bb-3587-495c-bc3a-01e0771ad27f
20903749289,9497851,f0660092-5532-4a51-8642-8d7de5247a71
08896598989,4523713,aac82f84-5a8c-4ad2-a650-96a287aaa18c
22916396981,8385543,d3243deb-f886-4de0-84cb-9c92258dbb69
12847795717,6758802,78ff8598-b16b-4438-b656-2e966107ce50
15854097714,4745325,09a901af-6aad-4f8d-8575-99172aa97a4d
15878596827,8381822,d2ee47cf-2909-462f-b328-dfdb17288b45
24846598924,5140451,1f77a11f-1f3c-47cf-b398-63e200bea927
11924999391,4530058,772c4b3a-2967-4628-b917-9bcaaa570eae
27895195761,4606173,01f3142b-39a6-418a-bc3a-ac5c93dcd4a0
12818397117,4530319,9d9e1f60-2e37-42e0-b0a4-bf174a9b4842
20815396341,6344202,620856e4-0b24-4f14-9d3e-356fb06e4e88
11866497283,7499461,a2118b80-a2aa-43df-984a-b9b2e13864d3
17888494782,4702434,0748e2aa-5cc6-4f30-a60b-d5cb70134123
18833548235,9526080,e7d0bba1-dc9c-421f-adbd-53bd5283f062
08862549776,7159511,8f3a473a-e8f0-4cca-98f2-99b3c7193957
04855199179,4580353,008398d1-c19a-4ca9-8edc-67d6a9d1a305
09857396771,6713978,76822e0d-5ba0-4418-8fc2-5d4dc1ab1669
10827799276,4645047,041abd2e-2c1c-4939-a620-08518704d490
27854898847,9529043,adc26d46-88b8-4953-a820-a050971ff67e
19924198543,4554949,6bac8564-9b6c-4ce1-ae09-8c44c3f21394
17855496739,7473970,a0a52196-4aad-4f58-96fa-86b69b6474b2
09827098911,4637812,03b3ccc1-5a57-426c-9faf-7d123b1c9712
02866399150,8163301,c6d56ada-f5f9-4b83-8031-3cc7ad953c2b
24902548714,5692873,3decd03b-1874-49b0-b089-aad5dc82f998
30885598052,7334917,98f7c4f2-2b08-401d-8668-bcb879ef3e6f
13821448616,9685871,6513790b-ffd6-448d-bdc8-3cfa769118be
19859698681,5047347,1a5320d9-73e5-4bf3-b5ee-0bab3b2f3c94
23890097340,4951684,150ebe86-8f06-4c1a-8241-10869f790b86
07826198774,7556873,a5454a27-65e0-44c4-8ecb-9048303af015
10918198615,5683254,3d6515bb-82e3-4600-bbe3-a8609adbf2de
17837999766,5426642,2f4037e3-e37a-472f-93ef-1b24a5b404f3
11836599235,8227566,ca6739f9-1791-4b61-a1cd-8d7ff41d8b1a
14906097800,8451661,d6c83dd0-a199-4c13-ad5f-785de1bd836a
08849798511,8295153,ce2467ac-8b6b-41e0-9572-1a97377ec7ba
10870598756,9246322,706bf1ba-062a-4afa-9d39-54adf297b867
24820146472,9722950,d0d5af4b-4986-45cf-9635-a0272379cac6
10827997116,4973743,1643ff5d-2ff7-4f32-8a82-30e1a2721f1f
10811749546,9687221,2a77a70b-79ab-4fb8-8842-cf14c3193731
28874696228,8247813,cb85bd74-3346-4de3-b6b6-855222376291
19819898734,7122123,8d2a11f9-9c52-46c2-a058-a8969630fc38
20914299811,9751009,b9f9508b-bd49-4ec1-a675-0429843199ff
28875998805,8640691,e13703a2-9557-4f16-8a71-7e116f1ebea6
02877297651,8713541,e53b1c13-d0ed-43d3-a50a-ff369625022d
31925499539,7364770,9a9cf22d-9439-4632-a387-9c833f6b0bb3
22867098546,9191986,ffa3f684-2d28-4a46-b38e-c8a0f49651da
26854597476,9535099,c3f5f6e1-7d17-4592-9a1f-eca2f39048ad
27903149065,9734929,258092da-2d33-435e-abdd-30d9b71cec97
14824799076,7534797,a408814f-d297-43f7-a0c4-f74fddbb5ffb
31852749434,9531619,44638a82-11c1-4168-b3dc-bab5e8ed13c0
24833947873,9766029,f24bd9b7-a7f7-4e50-8396-3c04c1b3b670
11860748470,9691181,8dde1c62-22c0-4705-80ac-c8bcade0d7f6
05814799478,7252915,94694b70-9747-4a2b-a335-ceff2105aed6
05896499159,4517767,0e560ca1-25d7-412e-bafe-519a00c1afb3
16849499517,6696683,758f0886-25e6-403e-9e7d-5366f968beac
05825099621,8122809,c497ed40-50bb-4e34-a329-e121939f7365
14876697808,4535124,7d4eaa62-24af-4611-9dd9-c560e2770d72
07815499764,6179776,58f1d48f-dc81-4cf6-8c77-de7fd9bf7acf
13814498381,7447197,9f2d611f-3fd4-4784-87d4-ec64d9ad088a
22866297766,8271665,ccdada53-2ccf-4b61-b853-e637d542960e
22907797868,6127504,560a3077-7146-4983-9fdb-f941d6135fc4
24834798596,7948028,baf1ebe8-ecb9-4056-961d-ae2fb8332658
05904398901,7180650,906606a4-9c36-4e91-b852-e472517d133a
15891449256,9703219,23965a16-bdb9-4d9c-bf3e-04af93bf37ec
09825898074,8128644,c4ea059b-5224-4317-97fd-8f55ccf9c26b
17836497147,4991002,1736c4b9-fad8-4041-af04-ff097fc09161
04889599559,5509429,33c71d1b-a126-4523-a5c6-1d882287b55a
12828598870,4881169,112b1873-a37e-4b20-a094-7c5d297d41cb
21812349772,9528846,4535278c-5820-4c88-874d-e681ea28c423
26849496440,8459769,d73a08e6-d87d-4367-b0b2-ccb51be8a154
28867097696,6311000,60335321-3459-4727-a836-85b3c262c290
30857096629,4556274,b5bf2dc2-fd3c-4bf4-9f4c-33e8f4c1efd8
22814799674,9753175,3842e599-7518-437a-afa6-5022b7dc8676
31884998975,5915084,4a3ca6bb-5b90-438b-ab96-eefc5b59262a
16894998656,8933091,f160bdf7-efb1-4298-9a3c-1e2493b3ee63
22886498229,5881932,486b4146-d6b1-4e3a-9221-bd18bc6580dd
30849597120,9548337,693e47f0-7c79-43d8-90fa-99f665d7ca29
09816897995,6249921,5ccfb9bb-9723-4008-b8f4-7b9f2b65bfb4
04893248639,6723288,77064ed5-9fd5-433c-8986-be463c2c7101
05889998859,4517696,bc4c8679-e4e1-48fb-9258-68f885397890
13830096889,7240072,93b13952-3441-4227-a23f-75fdad1e30fd
17869098779,8224920,ca415c4a-c09c-420b-8af2-5fcd5f2e82ba
29855099851,9749672,a168a274-9b90-4738-a948-f59b0d4b33a3
09810598333,9293539,3d945ab7-a873-4b94-bc16-340810580f97
10904696272,8937213,f19a5bb2-8406-4dff-8155-c0ae97354a0e
07843549866,5541921,359135f1-08fa-49c3-96e8-cb647793bbe6
09818597212,8490256,d8eb7521-fa53-4051-bef9-2e2609dd623d
09891749012,9504059,3d208464-7c26-475a-9956-cd12374e7c80
23872849785,8233393,caba6030-f770-45cd-ae43-24d05a34f450
18865698034,8477395,d8335e2b-571d-4885-9b4d-f5099ecc7b2a
13926196736,7856560,b5dd6d86-317c-492e-97e2-1030f2d71ef7
15887196300,7490201,a18c4c2b-46df-46fa-8fb8-648361d2f0a5
15834594924,7889425,b7b03c5c-5843-48e4-898f-0b66ce04dbe2
07847899411,8475695,d81b20f9-634c-4976-a2fe-f5f8a8933685
02868099901,8268653,ccb06af7-89fa-4748-8524-5412aa9ead18
21857497101,8852995,ecf155ec-1104-471d-a2e0-ac40386955df
19872547846,9506613,19a21a58-113b-41e0-b341-5bbcfd8e37a3
18909199782,8086625,c294143e-ec31-40f0-aa8a-42a72dc36a0d
07868596834,5979807,4dd03f23-f2c4-4edb-ac5b-b7d6fe2573bc
31872749171,7727814,aec4c914-aab7-4c2f-a55c-3212490d9f04
02816897346,8852904,eceffb83-d08f-4077-a1c4-27c11d82bf1d
21864799857,9752820,c0eb7e07-126e-4778-88f7-06244f0b8884
27896999597,7064434,89f7cfd3-76a6-44f7-bc09-86070aafebd5
04830949424,9666980,a4d264a9-6ec8-4c02-a6f1-50d7a32d6f0f
20871149985,9717175,0c25e68c-b8de-4f5d-b900-74cac7146128
07860599532,9275712,55371c94-e696-45a1-ad67-6586d8ae0d1f
27889598714,4827772,0e3773b2-30c3-4abb-8bb0-f21f7c982381
28896798458,6372172,6392524e-b76e-4d2b-870e-c7f85e00b3bd
13854199344,7757714,b0695f74-e3ca-4811-a1d6-763a038e19e6
06825698882,5432286,2f8d543f-0bd9-46d9-994b-c2bbd3719930
24918996679,4540616,65499c03-5a0f-48b2-b121-12debf0dc866
21866796332,7718377,ae3f05e3-a69a-42fe-9557-374418624e1f
05905499310,8028558,bf60659b-274e-482d-85c9-07deeb0181b0
27925398182,7362910,9a82d8ef-8d0e-4b97-a9b4-3a51f7b1a067
14886795212,8495258,d93032ef-e0f2-41cc-9a79-6935c3fa99dc
16917095543,8140225,c58ec081-a171-49d4-a301-535b2c390566
09895996790,5427603,2f4d33c9-8cba-494d-8343-d4001735fb88
15878798608,5233944,249f668e-f0b8-481b-ba47-fcbf11581ad4
29810147928,7557714,a55109d8-0562-4355-a3a4-2e56721e2216
18825497753,8181980,c7df2549-0f8a-4917-98ee-b2c61ea1c570
10819196694,9770098,7d0eb485-e68d-47be-bf95-40307be54cbd
09830149977,9747101,258a12b7-4d29-4b30-bbfb-fac8eb83b3e5
15917695196,6818452,7c53889d-fdba-4eb8-b9b3-07330047a524
12874099536,4566414,46df493f-4bf1-488c-9a6e-c14634d84456
26830848125,9509419,c7621977-6dcb-449d-a89c-0ec25299621c
19919799040,6436835,6724614c-3994-4704-8d9d-9b270ddbc744
11879299731,7841529,b508244e-fd96-486f-9904-47f2a829ab12
18816298381,7762120,b0a7b190-96b7-49b6-8b3d-c7aa1ac1ee5b
10846098599,4526878,d69d6a93-e5c8-464c-a16b-c846e17a8690
28845597997,8006773,be2d85f7-0b49-45fc-8ea8-2a94b98435db
23866397554,5314676,2913e5c4-b4bb-4241-a61e-fb1c2e6b0ea0
16834698815,9702393,852b8c71-98d4-4d95-89c8-cd3539de611d
08815298110,4828136,0e3c9519-ebfb-41e8-ac43-4ff6a662b795
15877299721,4504202,2eda4144-5a19-49f9-8a2c-8c247495cf7b
03913649485,9152194,fd6b6779-3ec7-41a6-9141-186d7ee917ca
27855299572,6468931,68ebd71d-14ea-49c8-a130-54d6f3a44eb7
19826099405,6937241,82e3834b-12d5-4440-b165-d9ec4c50bce6
06898998264,6802241,7b6b454b-4486-4311-9ce6-6470f997f981
21815195989,7973622,bc595efb-0c32-47ba-9c4a-fd48a98a168c
18899298981,5517474,34392524-15a2-402b-bdf0-8b4c5e31c365
14818397357,6235766,5c0a909e-bc9d-4799-aa53-395e1891110f
11814698698,4528258,074d6df5-bf70-494c-a2df-6ff5d9f49e31
26840599050,9732724,1c4593f8-23ff-49c1-b6ce-fce3b1a4f092
10836199656,8266279,cc8e14a7-1c98-4dba-af56-27aeaf380f2c
13885097078,8028393,bf5e1273-bc8f-4ad9-8a2f-7efe0d83997c
19910598271,9280933,2e777b75-1b0c-4326-87d2-cd38c53eaad9
10867396891,5851423,46b7ab79-d092-48e8-bdd0-45540a7c5d09
03924699093,4514182,892b4621-eca8-411d-b14a-15ebcbff66da
03844796756,6546434,6d37d0bd-60fa-46a1-8c86-c20a7846b610
20896097130,8719597,e58fe994-2540-49c3-acca-bfee6462d18d
06903547713,7000333,8667da1e-ebd2-42e2-85bc-40cb2bfdd7f3
09874298686,5531362,34fc3f14-e934-413b-b4ca-38f4322e433f
23907196836,9080270,f97328cf-7b44-44a2-a67e-fd918f3e01c8
11887898644,6597933,7011c3cc-8c1b-4791-9351-e494af63986b
10912449640,9691612,d63c9aee-fba5-4b08-9bf5-4244be8988ca
26919696531,8761190,e7ddc041-02c6-4a78-8a47-18e5057d8b02
01854097969,7439263,9ebd993a-ca86-4ca9-a9de-b2ef255fb8f9
18917898525,5180242,21a46eb2-b797-405b-931d-cd956ec443df
07875397510,4521281,f7a69511-3bc2-40fe-9270-9d9e7410e784
10820299294,7926621,b9bf5f20-0a26-47f0-9769-82763ab919ba
09913248632,9513847,cc6ddc57-b4b7-44e1-b7fe-edf4e8914554
05917298108,6321127,60c0bd8a-b91b-4fe3-93f4-16bd8ff489f6
19826198985,4922283,136f3428-6076-4017-ad0c-09afb0bfa8bc
06846199851,6311492,603a431b-a2f0-4598-91b9-4102e4b64577
19929198312,7446314,9f20a1e8-0263-412b-be73-f1374bfa8a97
06927099231,9095364,fa47b549-9471-480c-b372-158a0b629e20
09825298301,6602738,7055aa45-56b2-422c-84c9-b3c0201cbbb8
25863748200,8583695,de10e44e-bf6e-4562-adf1-d35329e9bc5b
19910798394,9256655,22b09260-838d-4cd8-83b2-0f63af0e0ebf
27893348285,9507813,3e9c6298-142d-4042-b4c0-063b341c83be
10833349509,5928738,4aff526d-cf4a-44bf-8448-3a8475377f8e
24893148155,6647915,72dacb99-e586-46d2-8b82-de8a7c437f86
01908099970,7055528,897b2350-c76c-4cce-9232-fdd95d309f49
19866597610,5230674,24710f32-bd4a-4e18-ba80-244b7ac2b67d
22915397070,8387582,d341df3b-859c-49c9-8190-d2cb53e0168d
11827499252,6936378,82d7b019-9d11-4257-a3a5-8933cf3c2acb
13814796323,8011315,be6df1ab-39d1-47cb-a99f-c2c37c64e7f7
08906097886,7345119,9988f099-0143-4d86-9757-4b684873115c
21821249632,9716123,02ca7883-3681-44be-a079-da48dcb8efa4
06902849244,9670128,6a0945c4-b772-48f0-8662-ef42285810be
02835594974,6934816,82c2ab60-3395-40ea-a380-44aeefe2f5ae
02878199327,8022668,bf0d3adc-9e25-478a-a249-25b33d609700
27922349059,9501806,f701de63-4072-40ec-966e-64d8e5fc31a1
06827799058,7394599,9c4607d4-8b97-4903-9730-a2e1238bde3f
07906798152,5459851,310bf087-3668-4e03-bd8f-d6975f1662f2
18874597534,7884255,b765c75a-6086-4a86-85f7-f71d738201df
16903348708,4539926,0064052a-6c36-458c-92dc-5c4013002eb4
08869498115,5983900,4e0b201c-c1b9-4a0e-9ea4-1bc61a448cb7
03915298507,7810287,b34e9f16-08fd-4e31-8d94-23e33e18b95f
22845597387,6798518,7b35b7d0-8d3b-4edc-922e-f7f5ae46a7bc
12821348909,9692095,3ea81bac-92f2-4ba6-988b-5c4dfa86aa50
09886099050,5595088,38813700-4cc9-440d-a3a4-5a26889d589f
20816095019,5479685,32237d1a-f2e5-451a-aa30-cea47a6695f7
02925695303,5146640,1fcf1fb5-cf7c-4b47-8d51-bf19bb1b40c2
19896396784,8639444,e124e44f-63a2-4ee3-984f-1693d3a00bd3
23864895662,5204121,22f97b11-bf53-401e-bab7-6b1ab395e08d
03906099801,5629586,3a6a35c6-f09e-45d7-b7a7-9ec9fe753abc
02848595732,5066404,1b5d00fc-0d33-48eb-9636-6106d9dc1cba
25907196561,7577345,a66835e1-f733-4e1b-9480-fa8b74c105be
21925297272,9716627,71cce54b-2962-4b6f-ac0e-bd8a327bcb6f
05907898557,4517950,cc8d3eb3-2d81-49c3-b488-aee69bb090de
01915398126,8886252,eecbe3f8-33fb-405e-a1b0-5adf2e1c4330
06900148710,9746155,9d4756a1-b423-413b-90f9-d572d49b69c7
16845097953,8085598,c2858dec-4fa9-4f13-a9a0-b9b07382a776
09856699843,8294834,ce2009e4-47f3-4aed-b2cd-1fff8e668968
18810848576,9711201,4d23a6a6-0030-430d-a83e-1f4dc53d3de9
04819999916,6051214,51cb134e-75ae-4aba-8bb4-be53170f2d9e
02880049014,9656459,fb64e43b-d796-4d81-9b58-4185fef78b9b
26853249210,9508012,690022a2-4e03-40ff-be4c-c760bed7e64a
11851149610,9493926,76b23c89-d55a-4c70-b660-8c7fd1307a9f
06853448093,9674690,f2f9a4f1-6e7d-4ddd-97a6-df12d6d9cc67
03830698662,9251332,4256290d-f45d-4470-86a5-ef8e5266ee6b
01847199985,7560016,a571de77-66eb-4062-87e6-54ba49367976
16848197878,4817262,0da59086-b5c0-4b7b-b806-d09e768035cc
18929398668,5821288,450dc5af-e75e-4f25-a8cb-868dc01ae297
27823749436,9527859,d66de6a6-f0df-4523-9f51-6aa89fc5886c
22860149854,9749477,2c2189b4-3d95-4b07-a8e7-494970c9c590
22852347256,9509919,dcf00e86-73fe-4535-a9a0-152d1794e9a4
27917897501,7363911,9a90f876-e3af-4ef8-b423-9d1d74f117ad
27827999828,9072781,f909ac66-737c-4046-8336-10a14f3618c4
21920249148,9716701,4fcb5616-37f6-4f5d-a17f-73c0a155524f
19924399026,6543893,6d1459fe-f87f-46ec-82a1-475654d48803
13831847896,9494651,a5c5ca98-9036-4542-a670-ea8b87bebeac
15857497187,7657829,aae6087c-f26c-4c1c-bf62-28bc03475d28
27844699447,9551666,0cb7c2c0-746f-488a-ae89-56bb13ab818a
27824399919,6322926,60d9e61a-820b-40c3-b34f-56f99a0d549e
10837896997,9773566,af95dc6d-3d4c-4aba-a4eb-203000e6f7d8
06811748534,9673094,8f039158-5af5-40ff-9209-6f9cc2a2807a
10816796372,5476401,31f526f3-a308-4b05-97b0-4d8f3ee91969
09924796305,4569980,d897ed5d-7cc3-4064-a542-e75b3e8eb9a9
07918496488,4901555,124be806-3147-4056-bb41-c7a9910caa36
13888997606,9229821,436153ca-87db-4698-8e00-4fee478b5966
08904098613,7051247,893d7205-b3fd-427a-84f8-650a987aacaf
02882047736,4829427,0e4fe642-5ded-4e7d-b972-54571622edfa
26881948639,9727588,8dada01d-cda5-4a72-8b39-e007b74466ad
13855297625,4835555,0ea50e2e-d647-443e-b042-af037c6c179a
19862549190,8692764,e4153b54-b3c8-44dd-b97f-83d3ced65c50
03811449287,9660833,556d0861-334e-4dad-ba95-7516bbf61c17
04859497204,8634094,e0d904fa-14a8-42b9-9c5c-960d24abf0ce
07911248799,9676597,125d6a0c-305f-4577-b0f9-9df75c8125c6
23828197185,6380330,64059a83-49f5-4b62-a425-792d558e0330
12827097126,8904460,efce140d-7f06-4131-9ea1-47ded7fb157c
12818099418,5015855,1894d1c8-0b24-4484-bb17-9e8ce8850a96
06928098638,7084536,8b15cb9a-7493-4b3c-b2e5-0bfa8bd163d2
21896599418,8302446,ce8c477d-3410-4b8a-8c2f-a9ecdad97d3b
10906896694,4527833,a43fbccb-1688-48de-ac96-171d0c6b24a1
09923949957,6166471,583555ed-dd5c-4b0b-ab41-e8ec8ab5a007
07870749621,9676381,307ebae4-d41e-416b-a683-b3370584efd7
04887096460,9195753,ffd72858-fb56-4809-bd80-4ac7d3e74d58
20924998459,9048226,f7aeea4b-a29c-468c-a090-19f43a63e4e3
10816099655,4937139,1441e1a5-5f22-463e-a7c7-a92bc7653461
03893049885,9663863,b49eebd4-fdbf-4ea1-9188-a74671b44a47
19810549427,9714038,2695fcda-3205-42b4-b93c-42437b6022c0
26895698783,7431424,9e4fb335-3f97-41e2-af7e-3e4ca9e00d26
29924599462,9753850,de47ad62-191d-4bdd-8710-6c1c1282d8f4
19846797915,8117004,c442d01b-4d7b-4ec2-9605-51117a20a208
21849899314,8043436,c0327463-aa4f-48a4-bda5-2d914710438c
02887096492,4561025,4baf8909-ef9b-4ae3-8306-6468b75098cb
30929499693,7314031,97d3404e-459b-4ab2-acaf-836e3a733383
30888397392,7288897,966a654a-4acc-4b74-9ffc-8480a8141973
07838998768,5253176,25af81e8-6873-4cb2-8e57-02bc20dfd20b
04867097436,8583707,de10f146-65c8-44c9-b279-a1c307f55f26
30920299527,9744180,0cec442a-f621-453e-89af-fa5c8b4faa38
30924898085,9751668,4107700e-a48c-4171-ba2d-c2f48eb896e2
23910148826,6948501,83852b75-2382-4c8e-8217-432d404ef1d2
04881748091,9663481,d1721a16-6adf-41a7-bf20-3d95bb88d801
21855898427,7214905,924c0f3b-9a76-449c-b893-42325b9a943c
05858798819,8744008,e6eb1978-50d3-4c86-b4c0-b8e0b4ba76d5
22924998850,9750190,7efabe49-ed4e-448b-8a0e-fb0139bb3112
12848497612,7929795,b9ed791a-2519-4e70-986e-36b7f4873a69
04877198230,6902643,80f9e137-62c1-4685-898e-d6489f40b3a5
20829996430,8623860,e048dd92-26a1-43ee-a970-bdcfaca1d855
28829896674,9739739,7ff49682-10a6-4070-9e08-19f9f585826f
06888299384,8870358,ede8f9d9-16d0-4586-ae10-8a49a581b7d1
28928499334,6803612,7b7e5b89-2d0a-46fe-b321-42e23ee38c31
11866099210,6883303,7fe8e33e-c82d-4c9c-bbee-5d6b9e89f46a
31870398614,9743581,5d2295b8-e1d3-4082-af4a-dc80c1d0c3c9
13901549065,9700441,0168dcbe-477f-4daa-b4cf-55eef0d3b611
22917498184,6120470,55a49d87-648a-42c7-ac38-97ec9dc71908
19880849177,9707000,c43700c6-d7da-4b26-936a-a98aa871c9b1
20915999361,6428976,66b5797c-0b6d-4a3b-8b1c-90ada04dbcb7
17820349083,9523243,abfe712e-f219-47ac-a2f6-6646ade58158
01816197976,8453718,d6e50359-a9a5-47ae-aac1-b3b0c521945f
04867299136,7826952,b4399387-8c26-4324-be5b-fa7507e84b2d
24854599166,6064213,5283490e-782e-4d51-9a8e-e806147482c3
15896699838,6472017,6917ba83-2da8-494d-a596-00c0dfa9cc88
17819198497,9756993,b79c5285-7b98-4863-be5c-7cfd8091c6b4
23853849995,6701073,75cceac7-1a77-442c-82fe-57ad83c30419
07904699130,8396724,d3c31399-d2c8-403f-a8ea-5a942b6595d5
12892648849,9688823,ec86dc3f-22c4-4b73-a651-7c222caa168b
13925298144,4537645,5c79cc30-730e-4d02-9147-2efff05d155e
26855799951,7310613,97a12ada-d093-4c51-b7e5-8803044ffae4
02881049719,9660381,7173b5eb-64cf-4557-813b-cd0557b38a6e
08818197552,8013502,be8cd582-3319-4fe1-8156-8d828fe933eb
04852648886,9666579,011f4ba4-33a8-4a23-ae10-6f02b11ea4d2
14820297815,5964569,4cf966bf-0d88-4f77-add4-cf769953131e
21852248332,9715678,3f43fdaa-fdd4-498e-8566-7857bfa3b0b2
20913547145,8042511,c0254c11-531e-42f6-9725-f6132b2dc682
29929298061,9030270,f6b3f8de-cc18-4e41-b3fa-28e99bc464e3
01867998876,4822949,0df4f7b3-ea62-478f-bc9a-b3208388dd66
04825398347,7570991,a60d5b48-4ab9-4525-968c-2b634514180f
10817299887,4526402,2f85d636-e0a8-467f-b01c-4e87fb21e828
27876199640,6016829,4fe034a0-a22f-4584-b0db-f74949b55bff
13918999978,6484847,69cc1547-07d8-4c73-b7aa-7bc941dd47c7
10838598620,7561499,a58747ee-3ad2-4fa1-b45c-74012850bfa6
28832149774,9733982,cc833a84-90fd-444e-87c8-d240e28a86a6
14858897816,7855813,b5d1f379-382e-4901-8166-7525abaac587
30914098714,7462888,a0094bf6-90ff-4b32-a38b-6a11ebfc945d
13855198589,9086036,f9c4772b-a9f5-479d-b0a7-b335d0aed8f5
16916196834,8101706,c3690a53-9ab9-4684-a076-567ed65db2af
17872149805,9514951,66118868-2f21-46f2-8d85-fe38fae302a4
12845795337,8626638,e070ed10-e588-47eb-8842-07a5b2f24a5f
03844999835,6696309,75893757-aa5e-4f98-a109-050670ca4935
28906497559,7543457,a483cefc-1369-4305-8f31-72638c62f814
24885698200,4551957,9ee74082-f3c6-4ec1-99dc-5cd7d335835e
25827197478,6696581,758d9722-c62d-420e-9d3c-00d35aa21775
09895896184,5351728,2b2208c2-04ed-4bd8-b8c2-614a366f61a7
10826099564,7956632,bb6b364c-0520-4af6-be13-e28421db7d28
04840598328,6041420,513d7a97-6181-42fa-8bb6-8af5bfa01d94
21868399705,7238219,9396a75e-57b3-4d5e-820c-528c8a69bd97
18828998354,7323885,985cdef5-31ac-4e00-b840-b8edcb1955fd
25899899744,4666454,0548ca6b-11e0-4c78-a403-a5c6590824d7
07857998124,9074922,f9279e30-456c-4748-a71c-ea874c1c270e
29897697600,4502786,35149052-3ff6-46f1-bed2-01e7a8595fea
03854098992,8207565,c94741c5-830c-4073-b64a-f26afb507fb3
09901549432,9491221,f4342ecd-cd65-4a63-bb10-801622bc5408
08817199373,8217755,c9dabdae-376c-49d4-8115-480dcf71e41a
08882748732,8973349,f392f8e9-db33-43ce-8247-6cc5cd2b3f2f
12821049669,9514157,484453d2-84cb-4bb3-b5b8-98208c195a89
24825198004,9722751,1758fbd2-545e-4a1f-a588-50873bb4f2bc
22851449330,9714234,59353718-42c2-482b-ae80-d28e354cb4e7
25873549648,9544786,ad2d4397-25e0-49a8-a946-7a1cb5081d4d
21834598970,8859386,ed4d8441-0a3d-4229-93dd-4b1059b10ecf
27816399713,6247523,5cadab9f-82d5-4abf-a198-9bd0929d3cdb
10825698243,5215932,239fc5ff-7707-486c-af42-85e54651c3a1
25848499601,8363073,d1e3d142-2750-43dd-8fd2-c27fbd701bb9
19819699596,7428770,9e29a648-2c9f-45b6-94af-20cabac9ee28
21879598890,9718423,256db256-87b4-40af-a404-1b80d09f76e6
22920599153,9266550,ae133352-9236-4293-8ee0-ddfc83c2dfb0
08922048704,9679030,0607f668-3d17-492e-a218-6024003192c4
30876099566,6817616,7c47513c-2711-4ce2-9175-b31b7235091d
18817297354,7198550,9165684c-7dd8-4c9d-81a3-add56314769a
22882147103,9723025,673367fb-bce0-4529-b8e2-1c428a1b7c23
02810199957,5386708,2d0e4055-d31e-47a7-8a23-315fac6fa3e8
20919298201,8673627,e308e6e3-b1ff-40d2-9a87-8a0e47826c0a
31882949012,9502624,e1d22ca1-c2ec-4390-aef0-778ad1bb341b
25899299496,8882194,ee90e334-5ea6-4bc2-8366-9c899a71eaca
13820747938,9685601,92f3ceb3-7159-4208-8b8d-49a92a8fbdeb
29848797780,4696831,06f9b258-e4b7-45a1-b10d-fc2d4303cf7b
20917997730,4946462,14c39dd8-57e6-4c7b-a979-2ce9ffc0ed10
21918998753,6350633,62637117-6650-4a80-96fb-43d003b87c08
23855396904,7962238,bbbaa7c4-6414-4bed-9bb1-d01aa8baff45
13927397166,4533921,6f4a29f8-ae31-41e1-a8e4-ed2d35e9e6a7
13825597799,6899941,80d455d8-89d2-4629-b5c5-a37ed1cacc18
27890299763,7489445,a18123f3-b937-4779-b62b-d2cefd6e05da
27915897717,6562450,6e1b845f-333f-49a5-a06e-3c6c9e8cb2fa
12870099361,7860727,b6183b67-504c-46b8-9dd7-977464c76501
18834098101,6319369,60a82e4d-71f7-4ec4-899f-1a02a784a63f
17890549640,9700763,04334172-d873-4091-a590-1b18911684e6
02885999037,6901141,80e4d3bb-ce0a-491f-b4f0-e5fc58cbbb81
11857297956,8635947,e0f364fb-4537-4286-b4f4-9b3952f0ba77
18841949974,9711067,f58f0039-71b1-407c-92a7-abbcce60984b
15829296923,9146615,fd1b868a-d4ea-4a5f-ae8c-68e5367f454e
02815999420,6275749,5e403588-b40b-4b1d-8285-dc317b621326
16900797846,9271824,003d9958-89ea-4502-ab43-7fa75c0445aa
29878099573,5656417,3be745d7-bb9b-4c6c-8eb2-49919bd53034
14882349587,9525575,708c07fa-adde-47d6-b05c-e35778d7e8f5
18866697007,5718386,3f58127e-13e3-4ba3-a8b8-631ee58d40a8
06880099246,6080996,53700482-30db-440f-ad2a-47213f14bb8a
21884995857,9513585,9beb8ef2-a999-4d90-b2b3-21ef8e7cdc69
19884397793,4960601,158b6c36-ae25-470c-b9dc-67d642d506b7
31813849766,7714526,ae079279-c564-4a68-a340-ca1862972201
14905398467,4619202,02aafc1a-c14e-4582-8bcc-44405411c62a
01832549157,6682823,74c9f175-d112-4145-9842-42b20626c8f6
24813849026,9504778,3b7311c2-b4fa-4508-b76f-9e681411a5dd
06905497772,5513620,340290b6-4dfe-49a7-bf45-c2270ad260b0
22904696130,4550906,f87b1f9d-0efa-4854-a99e-ad388ec6b0d4
30847798161,8776919,e8bafd87-fae5-41be-9f27-c99b50961cf6
29926094295,6811733,7bf34091-458e-4596-87c1-6b5a6cb0a2b2
12824498766,6847609,7dee30c5-64c1-4ed1-be2f-bcaecb01b434
25926996722,8066946,c17bf46c-9a7f-417c-85b2-968636d7e3d2
11836099755,6559120,6decaa33-09c1-4eb8-a0de-623514f6756c
23899299922,5201464,22d46051-34d2-4b13-a6f7-b533124fbcbf
08847197413,4522850,37b8bde3-33ea-4b6a-ba79-a678d4ed263d
11850299627,9077616,f94dc6a9-955d-4a92-b905-d8ad758286c7
10929398675,5145712,1fc21ca7-70e8-4dc6-ab65-1bb8a1894ad4
01871648901,8598967,dee9e414-e1fb-4311-bdf8-7a51bd0a9142
09853649330,6677984,74846dbd-ae9c-4f08-b496-00de393da1bb
06872849317,8105762,c3a303aa-210a-4b26-abae-7c1972abf20a
04845298578,7899941,b844611d-693f-4406-bfe1-394628f15f5a
16873347906,6382404,6421da46-4b16-482b-99eb-5a4b88d5d9b5
26915499472,6237928,5c275ea3-7d88-46d6-a48b-39c372de9fc8
18846799563,6088377,53d9ef14-8ba2-4c01-93f8-8c72ef933703
09856398169,7608637,a829fb5b-395b-447f-8062-0a7e55e03c2d
14907196985,4616213,027fa342-0efb-45cb-b84e-b10c30375528
12835399557,4530585,b6125d8e-a4b6-40ad-99bb-0ea67144ea81
02923749538,7351070,99dc4373-a920-49ae-ab26-d028425e82dc
03878696203,7872817,b6c49080-a3e8-4a28-b397-7360ba6d8f94
14900499907,9260470,02648a58-8c49-4529-9709-1277726c4ea3
20833649370,5674189,3ce3d95c-cca8-4a93-85a2-9c49df24112d
09846094870,6546868,6d3e450f-377d-4bec-ab80-7b84c4c240d4
09924298089,8175185,c77eadaf-bea0-43d9-b2be-d0c3c9cdd823
19812749172,9178258,fedf90bc-3497-4cdb-8d18-74f31ef8060e
28914697958,6478763,69761bef-d2a6-4ea6-816c-2cf2a371adb6
22914498795,7937260,ba575c9d-ae7c-4882-a609-7089e58e265d
18927499920,7030864,881ab5d3-a478-4b29-8ffb-caca2351dd32
13841749604,9700593,9accc518-d549-4a3a-a2c1-bf5ad8788806
08898899439,7894106,b7f16af3-3199-4985-83f0-039b0a8bf520
08893648578,4523642,21867a69-5dbe-495f-9916-917eb23b8494
02859996941,4992676,174e823b-37ee-4fa0-b916-4f6f35b09148
17854099884,6978032,852a2962-b811-4f49-b9db-931fc11eb7ef
29885396656,9505061,e3fc473f-6dc9-4b44-9a89-e97832a4685a
22810497436,9307834,d68b2baa-2bea-49be-867f-f1738246a664
17872148930,9494005,6a3f87fe-edf6-4b20-b0c8-fc42e7baffa1
09835698022,8559275,dcba153b-5d11-41e0-831e-fdc9fb19839a
27834698744,7226499,92f0ae5e-98d8-4e5b-a26f-a4491445a1cd
13873349314,7958068,bb7f4d77-d269-427a-ac1e-28263fe46303
19862948532,6482450,69aa738a-b00e-4ede-b37a-9646abb2fe32
06890448745,6926698,824f18ac-2f72-4997-b632-c2fad607541d
17897299275,7123588,8d3f80ce-b500-4155-9a1f-b4a75193de6f
05829797226,6257272,5d3a79a6-2907-4333-b7bf-26cc622df5b2
21864699674,9751435,3c671392-f44b-4fe6-b402-45137dc418b3
19883149710,7661834,ab1da30f-3206-42db-a428-f681ecf4997c
05858599328,4517128,2d633afb-ce84-40bf-827c-1ad45312843a
22822749341,6971340,84cb4c43-41ea-4ea6-a6a9-9ab461242a89
01907097265,7323709,985a6275-5f6a-452b-8da2-0cf245cfc17e
21838298173,4759014,0a6b073b-ee12-4e42-a799-4661026e84cc
26895498318,6321029,60bf5417-f9a1-4810-a1bf-7333743f8c73
19903548838,8835233,ebf735d6-6368-4c87-bcc8-53a87c481dbe
09905098095,6867605,7f09ad1c-be9b-471b-ac9a-2f9f38eb791e
04849798303,8135855,c54f8b19-1125-4532-bf89-6a54864a154b
03810098243,7965117,bbe2ed75-1250-4461-a3f8-464e43ad4c91
05927599882,4555113,fcbf89e5-47c6-4c25-b4eb-1c9eb1763b23
19884397602,6193008,59ad0529-286f-4e27-b34a-db0b2a853670
15814997046,9694840,a9d29587-8b06-40fc-a4d0-1cbe5d2e523e
24919899723,4885926,116eb7de-ab25-4e74-a18b-d004df5fec06
12906296576,8345336,d0ea3722-36dc-48b9-ae43-61fbeb11511c
06898096104,9005965,f55e5580-4098-4b26-ad03-ac4e69d3f9c0
31874498990,7028758,87fcca0c-70c2-4f83-878b-69e954829b61
17836696476,7833047,b4913065-06ed-46e3-ae11-5451f3f284ae
13814796919,6930236,82817def-001e-47a0-9b7a-17e55a0b3489
11832446140,7131376,8dac5de4-0a10-4b11-bd20-2910a52cae0a
01821648528,6183880,592b79af-e48f-4f09-aafa-4f5134d76074
24820349551,9533330,6493dc87-f54a-428a-b7d4-eb8a54322a21
08820598203,9297001,a60c0f50-4983-4265-939d-7a3ab8903d8d
14880499999,9300547,d33f6792-1c81-437d-96e5-81a405fdedb0
21837597223,8990303,f481e0a0-f0d9-4b62-897e-8cd9f183ea9b
16847997978,6315290,606d81b6-d519-4d4d-9693-bac38938ba08
03900398769,9662074,df2eeac7-6483-408d-b17d-0ef8eb06969c
21861449715,5702935,3e7e48be-83ae-4d37-987c-f69349b816b7
07866298917,6815344,7c26bcb9-4feb-4669-a3b7-c71cd1f75ea6
09817299676,7875922,b6ef1ae1-7fd1-4222-ac10-2e75614e2a89
08874895181,8244010,cb4fd82f-9568-4f27-a983-d2d6bfb5196a
12815097422,8120060,c46e6f66-2d2d-4e76-ad6f-ea90080fef25
21914696272,9515304,37e5f98a-c96b-4a67-9ec8-e4a97e3a037b
28812848927,8016142,beb2350c-96db-4346-b03c-52ae05ccbd77
29914999365,8538370,db940b2e-6b65-42af-b06f-f1bd45907c60
18913648729,6384308,643c8b62-e829-4b4f-9cec-26829dc336c5
10846199565,7178043,9042978a-5c1c-4892-90db-81dd891cda7c
17929699203,5708412,3ecc868b-68b6-480c-88a1-342aac366102
13916896772,4556041,b704f68d-579c-4a07-bd86-c224b986ed82
05881549710,9669527,cc1e6417-7f8d-46da-938c-a1504fe135f2
02886996775,4511677,a473e1b0-73b8-4a97-9dd9-45c3b6d64ca1
06878096981,4937876,144c854f-ed67-43a8-b144-73689e197ba7
01877499827,7334768,98f58ea8-64e5-49bb-bcf1-50e4ba8a068e
03815199412,6044172,5164a135-6d96-4491-9e6f-9149b7b62c05
20852448920,9537245,4b39fbba-8909-4553-8623-366eb0d7a834
25896095962,8813157,eabd0f19-2f9a-42e7-a101-ade9a05ce2ac
24834898507,7517171,a30c35b6-c6f3-45da-ad40-8416f3660581
19903149577,8894212,ef3d7dd7-03e9-4785-9f19-0f01f32701cf
11929197536,4530150,43f1f227-9c3b-4e68-8897-9fdb516d6099
21872749524,5101580,1d4d268d-2e45-41b9-9744-a7dcd8e5af93
28919696267,7411149,9d2e1994-015c-4e50-84bf-d2612b5491d2
08815296967,4994809,176c5f79-caa3-4142-9662-7dad362134e3
21820449999,9714771,bfa95f5b-26bd-4b61-9925-fd164e9ea6a9
25824697488,9503757,7cac0aeb-a41f-4677-bed7-4e6c9e05424b
13816296980,6074574,5317a42d-80a1-417d-a5fe-907afb8f1f21
21883549934,5514290,340c3a07-fb54-42e6-8223-cdc824e08abc
25863748472,9498011,1d29dd1f-56a1-4ed6-8768-9f0dd7d41a49
25900749956,9501405,503d9209-a2a0-4ce9-ac6b-55eddaefbb7b
26885899276,9503175,5ea7ede9-9c28-4e61-9507-5060dc0b7697
30864498619,9509701,b39e3e57-f300-4c2c-a126-41b088e4eabb
09872148938,9682261,5504f969-e4e9-42dc-b765-edf24306b83c
23835199282,9754978,9fac5766-1f91-4a2a-80fb-21be272fe2f2
23855796120,4556133,e2964570-bf0f-482e-9735-0e3ed007f9cb
06926996205,8218310,c9e2769a-c55a-4780-bad5-8d0942ba2590
04866896904,8607026,df5bcd3d-c6c2-4e91-9284-541427c3627e
25867697937,7642366,aa08cbfb-0d0e-4d64-87e9-5f275222c835
26839698908,6598435,7018e936-0a49-4988-a0cd-bf21b1621d77
11886699125,6567184,6e5de85a-753a-4ce7-8478-f4a2fa21441f
12907598649,4531820,1c65b897-f155-470e-8efa-7c1adeb9dc4c
02897599867,7443976,9effe7a3-ae39-43f2-b629-df636b412e89
16898097726,7643416,aa17e5f9-4d83-4e16-b15f-b36962400d4b
21896497496,5254406,25c0ed1c-39e7-4e6e-bf4d-56f855e7a45c
02867395671,4735535,091d6438-c03d-4498-84c5-d32c1999c739
30813948520,7379837,9b72562d-305f-4d14-ac8b-fe2fcdd46fd9
16862648572,6517090,6b978b6d-db68-4ae7-b7ce-ec952ff24880
24906796933,5334904,2a335ea0-e114-47d9-ad36-8d1573448398
21812149730,9523502,a15fc076-38ee-4e01-a172-c6c8a53b146f
06828498159,7360868,9a64d006-2592-46f8-b4e6-8471b99fa865
08867799096,4710997,07c12618-69b5-4364-8305-be7a18cec8f0
04915999609,4537647,8b9adbb3-7c94-4023-a378-39b7a98abd18
23835598543,5067214,1b67a22b-4a3c-4843-a638-143c47c7eece
16914894550,7839071,b4e5e7a0-19c4-4285-af73-6f84c7818d99
23821848903,9725110,7b8b04d2-878c-467e-9e77-172eeb2800d7
22817897669,6504477,6ae36c12-3746-4769-a150-2396c3fae009
04917398009,6814392,7c1968e9-c152-4b14-8686-2f25021842d1
01867498458,5560090,36917a2b-0e63-4aa6-96ba-fac1c214585c
06813349491,9133224,fc5f2958-67d3-48ef-b3f0-bb581ffef53d
13899499721,5961056,4cc83281-831d-41d6-bbc7-6ff5f4dc9ad8
25889498806,7870771,b6a7ba78-765d-4764-a290-c5ec5982e167
16899498783,5168638,21015841-481b-4bd2-9d11-30bc36489a0f
22844199558,4555272,129a551e-68b8-4b77-8a9f-9dd30f6be53d
23874899593,6562280,6e1956be-e796-4b34-b942-0fa4ba91d3ad
27847197698,9136909,fc936f33-17b2-491b-9c2d-22150daf8b44
07893349027,9679417,c87e45f0-b447-4801-ae8f-7ff9c3a59d99
23924596643,5933259,4b3e944e-811f-417b-a2a5-94337b60f47d
02814798839,4510426,70a6d0af-d230-415f-81c9-cc276a535371
22826596884,7370974,9af4c250-ce41-476f-91c3-b10425d42358
18924298363,5225994,242dea78-f6b2-4f56-9534-9401c5fe8b00
03876398477,6383868,6436a055-df9d-4366-8a01-3438804f048e
15820349358,9694506,64cbef9a-222d-47b3-be89-b404cce0fcb3
16859597355,7858884,b5fde463-64f6-45d6-8109-3f2671d95d53
04903349048,9665671,822c080a-f623-4fff-b036-bcc1ef6ce513
25896897678,6735684,77b7a43b-54c9-4474-b171-4fe508db1c05
20818398175,7993720,bd745c0b-510f-4e70-b190-88c3f4d0d065
03905096493,7515812,a2f89702-25e9-4ead-95d4-dbc0bd93fcf4
15882447364,7323155,9852b792-70df-410e-955d-bc511cec910b
15886098453,7029231,88038a04-362f-4b5a-9a5a-d9151c3837d5
19856098934,6847977,7df34e59-9fb3-4aee-a1d8-c1a92c4f2d1b
28818699923,5837766,45f60693-8fd4-41e5-9b89-0971ff224339
16810848417,9511920,72815032-268f-4820-b7b7-603750eb329e
11810649617,9511589,e126698b-4305-4a89-910e-4e068c4c85ed
18872649596,5512887,33f83dda-e536-47a3-bda4-c8f42b8bb775
11854798326,9040099,f73d457c-7a25-4efd-bfe4-2814f7c7b497
18818297978,7138716,8e132ffe-5f55-4324-9845-8eee6bb3758b
11837899054,6968990,84a939af-4460-4999-a2b2-26b5d55cf521
29815696911,4553593,b660d472-21ae-45b9-ad57-f45cb60e40a0
29894697464,9742466,a139193f-b074-48fa-8e71-9ccb322f8806
