pid,partyUuid,orgUuid,orgNo
03874998779,86e5d8dd-5103-4350-9f98-5c9184237b38,199c6c69-04da-406d-8c01-9ece3dcb63bb,313490114
20855496756,3a31c972-36b6-455b-a359-4c525c392f26,4017f29f-9359-4826-9b05-12208a207eb1,313071103
06859697729,e532578b-d473-41b1-9015-28e573504216,8d29245b-dcc2-46c7-bc67-f2c05aa689c5,313594343
05907397183,60558542-ef5c-4388-bb9a-dcb7257456ef,dc00a5de-cac0-4967-965d-237444712342,314061276
23917996954,b5cde9eb-b4cd-41cf-8fce-9bdc8efd212c,2ae6ae93-b7d1-4864-90a7-276b659a595f,313269744
31887396429,555f5c36-ca56-4779-abf7-e68d2c8ed511,2b18a50f-6990-4d7b-af91-e6cac9bae587,314009606
06815597735,9233ec5a-ea37-4b18-b8e0-23fb511ec1bf,2bf8600f-1b1f-414e-9474-21d00e927e67,210143572
30898497727,cf61da9d-e316-444d-9ea0-0df6ef85d02b,630d5c7e-4d95-42de-b2c3-4fccac58acf0,310091812
22822749937,69d14c87-44f3-49ac-a4ec-7eedb5a8f0f7,995c971b-f45b-49d5-b921-d5fe560043a4,313014614
20836398956,9461a5cb-18a1-4afd-a19f-a3432395cd71,fbb08d55-55f4-4c84-8bbd-86114e935eff,314254619
