enduser,dialogId
07868999521,019aafee-a33b-72d5-a7de-0dbdd5c2269d"
23895599700,019afc62-45cd-7bd5-a3d1-983f153f8c13"
17815599594,019ad859-d246-73d0-8be2-392fc5b9a751"
03917096944,019aafeb-3956-7040-99bd-cd475de30c53"
21909497318,019aafdd-5aef-735c-b55b-aa1d87b1ddd6"
20895298795,019afc67-33e5-7316-bbd5-c958ae3995a0"
01836798593,019aafe7-828c-71fe-9b1f-46cfbe05a7b5"
10919674348,019ab44c-a670-7465-839b-01da1e57b19e"
27837597248,019ad862-2f72-73a8-815d-d7af419460a0"
14837597502,019ad858-636a-7134-939d-d14a12817864"
12858596597,019a9b97-f02c-7492-bc94-41cb54320596"
05867399277,019afc6b-2459-72c1-83e8-1be011f7f691"
23875599135,019ad85b-65f4-7f7d-9158-a0e7a317b393"
20865597712,019afc5f-407d-79ac-a588-5e631bc33dfa"
24857098958,019ad859-66a3-7f2f-8550-79defdda746d"
12857597352,019aafee-2ce2-71ed-bdb1-6069ddbf061e"
31817199170,019aafdf-a8b6-761b-9cb5-52be02385316"
02827196382,019ab449-4336-7328-bcf1-906a640ffb2c"
16838698747,019ad85c-798d-7136-a2df-9471620adff1"
07886797693,019ad857-3e3e-77a7-8f63-b0a9491f872c"
20887899399,019aeb4f-1fb0-753a-856d-3f0b29f6df35"
27835998725,019ab446-853a-7a74-99fb-b483af955381"
10904898991,019aafee-c074-732e-9780-d26340d6083d"
18875097144,019a9b9a-a580-715a-b05b-55b087f5ae73"
31909698971,019a9b9b-2595-758b-8e94-c666c58c89c3"
07886496766,019afc6a-a0fb-7888-b0de-5d76f1be2bff"
14836096887,019a9b96-75cc-7039-8e20-de856f894e59"
12852049748,019aafe6-381a-7420-a38c-1406f6c78c9b"
12872549984,019ab448-8626-79fd-b886-9fba49bee986"
18927294407,019ad85e-24b6-7e5f-9760-c5c960461275"
20917198749,019ab446-3f43-7820-a678-b6378673074b"
14824797731,019afc68-1d95-7117-b98e-b094defccd89"
10926099340,019aafeb-e9c8-7423-8edd-c58961a24cb3"
17847397144,019afc63-be64-7ffa-b4e5-ebbbd5942aed"
27828699984,019a9b98-ff8f-70d0-a688-cd1d36c26239"
04867499097,019aafeb-0279-7616-a63f-fbcd37cd2c8a"
30917999046,019ab44c-ea6b-7208-a0c0-b1294acc875d"
12869798124,019afc6a-56d8-77ed-b8d3-832bbdf58241"
05814999086,019a9b99-71db-74b1-a214-74ea012a14dc"
14929499183,019ab44f-d7ea-7ded-b653-000343555739"
13825398702,019afc62-8926-7338-9537-3ecdb7ecca8c"
24876797123,019ad862-1cfd-7592-8891-7901d8cdf69e"
07848399293,019aafe1-df77-70c9-9337-fb31333d1bcf"
12926299199,019a9b9b-f0bf-70ba-9183-cab6bfa43780"
14825896997,019ad855-4f0a-7383-a99d-5f996f1fc4a1"
26810149093,019aafdd-c012-75ed-899c-fcaaf67e8475"
04835598379,019aafeb-615d-732c-9265-b36836d6b134"
10888699223,019afc5e-fb7c-7222-828b-40aa7e2a5a18"
23899099214,019afc6c-f4f4-7995-868d-2671f4d6b43d"
04914797123,019ab451-c55e-7294-bb52-0d2aae29ec69"
23836195965,019aafe1-1afa-719f-9472-c7a062d0e234"
26836799142,019a9b95-684d-7015-a745-f9877ed3d0cb"
10927698590,019aeb51-1ca0-701f-9a58-8e774fc64048"
13905497140,019ad857-2897-7ba3-acc4-b862f6ee634a"
22909398049,019aafec-c55e-741d-966e-33122bbcafa6"
21898398991,019a9b99-6b8f-7347-a1e4-8cb6be303bd5"
08825796437,019aafe7-cd89-725a-9e33-c2a798531f2f"
05882949550,019ab447-d568-71ad-83b7-989f7bd84d8d"
01905898201,019aafe6-4ef5-7052-847a-39171d7086cd"
28858596744,019ad862-1666-7829-8c19-37e93c4b6e90"
10896897530,019ab450-642b-7e7b-af16-f25b0242a5b3"
10885498928,019ab446-2c50-724f-95f2-7ead787c2809"
13898499450,019afc60-eee2-77ec-a0c4-94cce23b413a"
29812547524,019a9b96-d0c3-77e1-bf3e-49d4fb547f30"
29887597357,019aafee-f0f3-7204-a4e6-f1d359c4b439"
03875998969,019aafe7-eba9-71be-bf2f-394e12339db6"
18857199142,019aafe5-8437-7364-b89f-9bffdfcb7f39"
02896796561,019a9b98-1655-7454-9026-83e88253cc91"
16877294955,019ad85a-d335-7ecc-a958-58de80ae6f72"
03826895798,019aafe0-2c8f-7739-abf6-407064baab29"
17914897556,019abd3c-8baf-753c-9243-fe44d64c6539"
24878597229,019ab446-4725-7519-a2ae-51e0e4f93295"
04905098352,019aafe6-a991-75fc-9104-aa83edbec715"
54865501199,019a9b98-6b2e-73e0-9cd6-0c433f2a4fdb"
14829498694,019a9b97-13b0-72c0-8f4f-361731fa66c8"
06865798359,019ad862-532f-72e0-a1b7-68c58721cf29"
14884896909,019a9b98-bcb7-7689-9ef6-0f1964aa6c83"
08837297959,019aafe3-a71d-77a5-80ff-cfe995b756b9"
26817398676,019ab44b-079e-7050-b986-a56e7d438918"
16919599697,019afc69-da85-7854-a266-3bdbc44005dd"
05817198068,019abd3c-b3af-74e7-a311-a060aead2820"
12886799770,019afc60-346b-7e39-b53c-5aa9c7a6f3f2"
02855896756,019ab446-f4af-7c1d-b8e4-ca467b06f7e5"
04915199904,019ad85d-59eb-733c-8976-7b102deea172"
11897698783,019ab448-3c27-76a0-8af3-cc6c37d20fda"
27834896856,019afc6b-2c27-75b1-a1d0-ca7ba3e2d596"
15877299721,019ab444-42cd-70b3-bb11-93e689421d70"
21881699599,019aafe0-38ac-7719-9a37-74e48e98c946"
11879897736,019afc6a-d39d-727f-969d-a21c312e6875"
28896796951,019afc63-fc83-7f86-bd23-af7496e98f68"
23915398146,019a9b96-0d22-74b1-a834-fc7097af996f"
02895299939,019aafec-8d2d-738d-9b92-a2e1ba35c94e"
15912949378,019ad860-eac1-762e-9ca2-013a965dbd68"
23876698714,019ab44a-6974-7fc0-bd4e-58a7bc670fc3"
22816695183,019a9b99-ed7d-77b9-9575-7cc12c6b9457"
30884597583,019afc64-4476-70bf-90c7-4d8d573565a7"
13908099758,019ad862-77a5-7e78-b6b6-07dcbf87b581"
08816599319,019aafe3-af7a-73c8-9b14-4d0fa9af1b22"
26879499568,019afc65-da09-7d9e-8446-9dc88b8587c6"
28847499933,019aafe6-e378-74ab-b181-bb827602f47d"
